sigungu,complex_count,household_count,average_age,median_age,under_10year_ratio,over_20year_ratio,over_30year_ratio,large_complex_count,average_parking_per_household,transactions_12m,turnover_12m,median_84_price,median_84_price_per_3_3sqm,price_change_6m,price_change_12m,drawdown_from_peak
강서구,48,37316.0,9.292682926829269,9.0,0.6097560975609756,0.0,0.0,36,1.215310544469914,1296.0,0.03473041054775432,400000000.0,15551366.635249766,-0.016410256410256396,-0.04203925187799573,-0.2669753086419753
금정구,443,36564.0,21.741176470588236,21.0,0.16470588235294117,0.5176470588235295,0.23529411764705882,21,0.9548663218640004,1515.0,0.041434197571381684,312500000.0,12161894.77887129,-0.011158798283261828,0.00743861024033432,-0.12765957446808507
기장군,187,37211.0,14.951612903225806,13.0,0.3225806451612903,0.24193548387096775,0.0967741935483871,32,1.1066893820835557,1480.0,0.03977318534841848,306000000.0,11893476.665442746,-0.002949852507374673,-0.01006637610460237,-0.14687499999999998
김해시,531,132770.0,21.223809523809525,22.0,0.18095238095238095,0.6285714285714286,0.1761904761904762,112,1.0395154578111352,5763.0,0.04340588988476313,231250000.0,8982168.079096045,-0.001597716661237536,-0.0026588863892013648,-0.14529914529914534
남구,354,60808.0,21.717171717171716,24.0,0.21212121212121213,0.6060606060606061,0.20202020202020202,34,0.987703818904662,2599.0,0.04274108669911854,350000000.0,13609947.162767898,0.006451612903225712,0.017565485362095457,-0.07499999999999996
동구,144,11058.0,14.16,9.0,0.52,0.2,0.08,8,1.0030974920505482,527.0,0.04765780430457587,433000000.0,16829381.37627979,-0.0042918454935622075,-0.016156100789486094,-0.09210526315789469
동래구,415,64316.0,22.869918699186993,22.0,0.2764227642276423,0.5365853658536586,0.2764227642276423,38,0.9914992014304899,2837.0,0.04411033024441818,498750000.0,19371171.282615993,0.009771986970684043,0.038475586312956556,-0.140625
부산진구,482,93710.0,19.48447204968944,21.0,0.2981366459627329,0.5031055900621118,0.19254658385093168,62,0.9887783460935298,3930.0,0.04193789350122719,370000000.0,14653464.630690034,0.009544008483563182,0.0,-0.13580246913580252
북구,199,77840.0,24.31132075471698,27.0,0.1509433962264151,0.7264150943396226,0.3490566037735849,55,0.9024088488425356,2807.0,0.03606115107913669,309000000.0,12121683.049069505,0.006738697958712958,-0.0045045045045044585,-0.16376052811290692
사상구,181,50774.0,26.944444444444443,30.0,0.14444444444444443,0.8,0.4777777777777778,36,0.8205810909935077,1334.0,0.026273289478867135,216250000.0,8405477.03180212,0.00220194777397259,-0.03172240036646817,-0.17481449148843298
사하구,420,67624.0,24.23076923076923,27.5,0.18461538461538463,0.6615384615384615,0.36153846153846153,38,0.88314399084973,2431.0,0.03594877558263338,236250000.0,9193117.107926577,-0.0012009607686148671,-0.01253918495297801,-0.1351351351351351
서구,244,15307.0,20.2,21.5,0.325,0.525,0.2,10,1.0683912560952433,833.0,0.05441954661266087,370000000.0,14390100.176782558,0.0,0.005809384687329722,-0.0798773006134969
수영구,341,31952.0,18.936507936507937,19.0,0.3333333333333333,0.4444444444444444,0.20634920634920634,20,1.1375484768027817,1665.0,0.05210941412118177,535000000.0,20957977.20797721,0.01724137931034475,0.034545454545454435,-0.05907278165503488
양산시,282,103354.0,18.94782608695652,13.0,0.3826086956521739,0.40869565217391307,0.33043478260869563,88,0.9253658306713223,4331.0,0.04190452232134218,294375000.0,11444222.37021699,0.010963646855164377,0.013490725126475533,-0.18908667567973564
연제구,332,50928.0,21.11881188118812,21.0,0.27722772277227725,0.504950495049505,0.27722772277227725,26,1.0110892752933038,2414.0,0.04740025133521835,420000000.0,16313559.322033899,0.027705364384196463,0.035936238902340656,-0.11398963730569944
영도구,170,18969.0,24.57894736842105,29.0,0.21052631578947367,0.7105263157894737,0.42105263157894735,12,0.8631946944287522,621.0,0.03273762454531077,229000000.0,8973993.587459922,-0.026256817893535123,-0.020366485135255796,-0.10193548387096774
중구,83,1991.0,28.636363636363637,27.0,0.09090909090909091,0.7272727272727273,0.36363636363636365,0,0.8662667098505715,107.0,0.053741838272225013,173750000.0,6859037.77634999,-0.017094017094017144,-0.02631578947368418,-0.09818181818181815
해운대구,372,106354.0,24.230366492146597,28.0,0.13612565445026178,0.6596858638743456,0.27225130890052357,79,1.0956718277540516,3846.0,0.03616225059706264,548000000.0,21287254.81972628,0.010527161684345865,0.03477051460361613,-0.1881584492203961
