sigungu,dong,complex_count,households,transactions_12m,turnover_12m,median_age,median_84_price,change_6m,change_12m,drawdown
강서구,강동동,6,4981.0,10.0,0.002007628990162618,1.0,585000000.0,,-0.0953846153846154,0.0
강서구,녹산동,2,,3.0,,,,,,
강서구,대저1동,4,,4.0,,,,,,
강서구,대저2동,1,182.0,0.0,0.0,5.0,,,,
강서구,명지동,27,23982.0,1070.0,0.04461679593028105,10.0,400000000.0,-0.017897260474227406,-0.0322213279678068,-0.30071942446043165
강서구,신호동,3,3123.0,33.0,0.010566762728146013,12.0,222500000.0,0.01449275362318847,-0.05227272727272725,-0.12727272727272732
강서구,지사동,4,3533.0,168.0,0.04755165581658647,10.0,215250000.0,-0.003946241165131759,-0.05098229916358682,-0.22412769842822672
강서구,화전동,1,1515.0,8.0,0.005280528052805281,6.0,,,,
금정구,구서동,125,12100.0,442.0,0.03652892561983471,21.0,283000000.0,-0.006385281385281383,0.030000000000000027,-0.13559322033898302
금정구,금사동,5,395.0,12.0,0.030379746835443037,22.5,,,0.17582417582417587,-0.009174311926605505
금정구,남산동,102,1954.0,86.0,0.044012282497441144,30.5,200000000.0,-0.07467532467532467,-0.05230263157894738,-0.07467532467532467
금정구,부곡동,90,11365.0,434.0,0.03818741750989881,23.5,382500000.0,-0.013461404121550835,0.004507575757575766,-0.17828579891672314
금정구,서동,25,1079.0,33.0,0.030583873957367932,26.0,210000000.0,,-0.01182864450127874,-0.12501017501017497
금정구,장전동,60,8481.0,457.0,0.05388515505247023,15.0,456250000.0,-0.030100334448160515,0.020991143772376097,-0.18181818181818182
금정구,청룡동,34,1190.0,47.0,0.03949579831932773,15.5,205000000.0,-0.02644230769230771,-0.015329419439008507,-0.09090909090909094
금정구,회동동,2,,4.0,,,,,,-0.026767330130404943
기장군,기장읍교리,17,1879.0,90.0,0.047897817988291645,18.5,173500000.0,0.0028818443804035088,-0.06578453453453453,-0.23321901028907394
기장군,기장읍내리,2,833.0,21.0,0.025210084033613446,12.5,383250000.0,-0.02853163191948238,-0.039313776846516546,-0.37082728592162556
기장군,기장읍대라리,64,1014.0,67.0,0.06607495069033531,22.0,140000000.0,-0.0561797752808989,-0.06463186618828642,-0.030045896040132358
기장군,기장읍대변리,4,117.0,8.0,0.06837606837606838,8.0,370000000.0,0.08823529411764697,-0.04054054054054057,-0.038961038961038974
기장군,기장읍동부리,28,1623.0,65.0,0.04004929143561306,26.5,260000000.0,-0.09375,0.034482758620689724,-0.039081582804103565
기장군,기장읍서부리,5,1178.0,37.0,0.031409168081494056,25.0,,0.41428571428571437,,-0.019607843137254943
기장군,기장읍연화리,1,191.0,2.0,0.010471204188481676,1.0,745000000.0,-0.03608534202797298,,-0.03608534202797298
기장군,기장읍청강리,10,2909.0,91.0,0.03128222756961155,23.0,256000000.0,-0.0779923700524559,-0.07154742096505828,-0.2784503631961259
기장군,일광읍삼성리,16,5630.0,315.0,0.05595026642984014,6.0,475625000.0,0.0,0.010608203677510586,-0.254375576990418
기장군,일광읍이천리,6,1510.0,67.0,0.04437086092715232,11.0,,,,0.0
기장군,장안읍명례리,1,,4.0,,,,,,
기장군,정관읍달산리,6,1888.0,69.0,0.036546610169491525,13.0,288250000.0,-0.023255230868860055,-0.15541792766238505,-0.2901423357664234
기장군,정관읍매학리,2,1249.0,55.0,0.044035228182546036,13.0,365125000.0,0.15115501519756847,0.0021216407355020284,-0.16748736043817147
기장군,정관읍모전리,7,7508.0,245.0,0.03263185935002664,13.0,267750000.0,-0.012762859683851158,0.014216975048365499,-0.2832295558322956
기장군,정관읍방곡리,7,2257.0,79.0,0.035002215330084185,10.0,430125000.0,0.05365507666304481,-0.04854483077634725,-0.19693664236706687
기장군,정관읍용수리,9,6483.0,251.0,0.038716643529230294,13.0,322250000.0,0.03593179049939099,0.018226002430133725,-0.18251928020565555
기장군,철마면고촌리,2,942.0,14.0,0.014861995753715499,11.0,293250000.0,-0.06542056074766356,-0.0317700453857791,-0.15027322404371585
김해시,관동동,12,7453.0,382.0,0.05125452837783443,19.0,267000000.0,0.0021092708844778207,0.003744853185533137,-0.19207287370506282
김해시,구산동,21,9988.0,317.0,0.031738085702843415,26.0,280875000.0,0.0015649452269170805,-0.030523598820059006,-0.19404761904761902
김해시,내덕동,3,,56.0,,,395000000.0,0.010000000000000009,0.10163248163372107,-0.06976744186046513
김해시,내동,13,7056.0,217.0,0.030753968253968252,30.0,249500000.0,0.015226744363354028,-0.010263387757844522,-0.19063975717084053
김해시,대성동,6,108.0,9.0,0.08333333333333333,31.0,,,-0.02092050209205021,-0.23809037006747086
김해시,대청동,9,4127.0,143.0,0.0346498667312818,24.0,151000000.0,-0.0032467532467532756,0.017405063291139333,-0.1951807228915663
김해시,동상동,15,1381.0,50.0,0.036205648081100654,20.0,203000000.0,-0.01497695852534564,-0.08142201834862384,-0.20555555555555555
김해시,무계동,11,4154.0,195.0,0.04694270582571016,14.0,251000000.0,-0.030303030303030276,0.0029838709677419417,-0.1805698214722426
김해시,봉황동,15,1056.0,72.0,0.06818181818181818,23.5,400000000.0,0.14052795031055904,-0.0352211571565767,-0.10256410256410253
김해시,부곡동,21,10263.0,445.0,0.04335964143038098,22.0,139500000.0,-0.0449438202247191,0.0051229508196721785,-0.26440922190201727
김해시,부원동,19,1305.0,68.0,0.05210727969348659,9.5,353750000.0,-0.061319444444444426,0.007954545454545547,-0.11111111111111116
김해시,불암동,1,,0.0,,,,,,0.0
김해시,삼계동,24,17149.0,678.0,0.03953583299317744,20.5,217750000.0,-0.0202327850806846,-0.005970149253731294,-0.1968253968253968
김해시,삼문동,16,7231.0,386.0,0.05338127506568939,21.0,228500000.0,0.025295109612141653,0.01073345259391778,-0.232595403752899
김해시,삼방동,18,3576.0,90.0,0.025167785234899327,34.0,113500000.0,-0.040909090909090895,-0.03852915262588674,-0.16547715598810492
김해시,삼정동,90,110.0,41.0,0.37272727272727274,33.0,130000000.0,-0.037037037037037035,0.005617977528089901,-0.06040268456375841
김해시,생림면봉림리,1,,0.0,,,,,,
김해시,서상동,3,,6.0,,,283500000.0,0.010357142857142954,0.026415094339622636,-0.13178294573643412
김해시,신문동,10,6875.0,236.0,0.03432727272727273,12.5,389500000.0,0.0,0.017796279924621405,-0.14222222222222225
김해시,안동,8,1845.0,96.0,0.05203252032520325,29.5,462500000.0,0.02889784946236562,0.009074516416092915,-0.1333333333333333
김해시,어방동,42,4683.0,168.0,0.03587443946188341,29.0,98000000.0,-0.046041476457545305,0.026648599819331542,-0.07692307692307687
김해시,외동,32,14198.0,549.0,0.0386674179461896,30.0,227000000.0,0.03114403864984505,-0.06040268456375841,-0.215962441314554
김해시,율하동,8,6020.0,379.0,0.06295681063122924,15.5,341875000.0,0.00912980454502943,0.028500430853089065,-0.1599100218731358
김해시,장유동,5,3472.0,325.0,0.09360599078341014,7.0,452500000.0,0.017897091722595126,0.012715456343599829,-0.1684311838306064
김해시,전하동,2,446.0,16.0,0.03587443946188341,28.0,180000000.0,-0.13043478260869568,0.03365079365079371,-0.24604473540643756
김해시,주촌면선지리,4,2127.0,113.0,0.05312646920545369,3.0,352000000.0,-0.00864760457236946,-0.047042893756951476,-0.2142857142857143
김해시,주촌면천곡리,2,3685.0,144.0,0.03907734056987788,6.0,385000000.0,0.013536137198856713,-0.017857490035967705,-0.29789915966386554
김해시,지내동,11,1587.0,48.0,0.030245746691871456,24.0,155000000.0,-0.026627218934911268,-0.0505050505050505,-0.13888888888888884
김해시,진례면송정리,4,110.0,9.0,0.08181818181818182,34.0,,,,-0.09444444444444444
김해시,진례면청천리,1,113.0,3.0,0.02654867256637168,20.0,,,0.09090909090909083,-0.1428571428571429
김해시,진례면초전리,2,278.0,9.0,0.03237410071942446,30.5,100000000.0,-0.10833333333333328,-0.007729869172655279,-0.18929675856929956
김해시,진영읍여래리,20,2163.0,79.0,0.036523347202958856,17.0,80000000.0,-0.05882352941176472,0.012063953488372081,-0.125
김해시,진영읍좌곤리,3,522.0,13.0,0.02490421455938697,26.0,,,-0.03170028818443804,-0.19958988380041015
김해시,진영읍죽곡리,1,288.0,12.0,0.041666666666666664,24.0,,-0.05405405405405406,-0.17647058823529416,-0.32692307692307687
김해시,진영읍진영리,41,9251.0,396.0,0.04280618311533888,19.0,232000000.0,0.018181818181818077,-0.013001083423618609,-0.08195619171546303
김해시,풍유동,10,,3.0,,,,,-0.0625,-0.014285714285714235
김해시,한림면장방리,1,150.0,4.0,0.02666666666666667,28.0,,,,
김해시,화목동,1,,0.0,,,,,,-0.1523809523809524
김해시,흥동,25,,6.0,,,,,0.09740259740259738,-0.08194756554307114
남구,감만동,23,3522.0,91.0,0.025837592277115275,29.0,280000000.0,,0.018181818181818077,-0.037735849056603765
남구,대연동,171,21063.0,1138.0,0.05402839101742392,21.0,457000000.0,0.015625,0.06851970865467005,-0.040000000000000036
남구,문현동,62,9387.0,502.0,0.053478214552040056,20.0,391875000.0,0.009433962264151052,0.012658227848101333,-0.1544885177453027
남구,용당동,6,1968.0,52.0,0.026422764227642278,25.5,249000000.0,-0.037878787878787845,-3.442103813844355e-05,-0.22968819106590005
남구,용호동,76,21709.0,749.0,0.034501819521857297,29.0,350000000.0,0.007407407407407307,0.013157894736842035,-0.09807561178877189
남구,우암동,16,3159.0,67.0,0.021209243431465654,30.0,240000000.0,-0.045253863134657846,-0.020930232558139528,-0.13857677902621723
동구,범일동,28,4438.0,161.0,0.03627760252365931,15.0,413500000.0,-0.009615384615384581,-0.02172670097198398,-0.08599999999999997
동구,수정동,33,1185.0,96.0,0.0810126582278481,7.0,262500000.0,0.17939393939393944,0.0874242424242424,-0.09153144016227183
동구,좌천동,19,1668.0,86.0,0.05155875299760192,8.0,416250000.0,0.0023866348448686736,-0.01716068642745705,-0.09210526315789469
동구,초량동,64,3767.0,184.0,0.048845234934961505,9.5,495750000.0,-0.009122666932827594,-0.0337078651685393,-0.10892857142857137
동래구,거제동,1,,10.0,,,865000000.0,-0.037552155771905404,0.08895705521472386,-0.2372134038800705
동래구,낙민동,25,5765.0,220.0,0.03816131830008673,28.0,463250000.0,-0.001208702659145855,0.008196721311475308,-0.22818791946308725
동래구,명륜동,29,7707.0,376.0,0.04878681717918775,11.0,677500000.0,0.054217573935478325,0.06176571038251366,-0.07272727272727275
동래구,명장동,37,4621.0,196.0,0.04241506167496213,33.5,362500000.0,0.008144020574367694,0.007762645629647014,-0.20709759188846638
동래구,복천동,9,1114.0,37.0,0.03321364452423698,33.5,650750000.0,0.03376344754679428,0.07801652892561983,-0.08689558514365803
동래구,사직동,58,11793.0,559.0,0.04740100059357246,19.0,536125000.0,0.011799810117998133,0.10230541394924952,-0.08197000681663258
동래구,수안동,38,2472.0,141.0,0.05703883495145631,44.0,440000000.0,-0.04890337995380001,0.024584809180405842,-0.11252136752136749
동래구,안락동,30,8389.0,324.0,0.03862200500655621,21.5,410000000.0,0.005952380952380931,-0.004418262150220897,-0.19432314410480345
동래구,온천동,187,22455.0,969.0,0.043152972611890446,20.0,462250000.0,0.009771986970684043,0.04876452024441014,-0.10581023454157779
동래구,칠산동,1,,5.0,,,,,,
부산진구,가야동,38,6521.0,236.0,0.03619076828707254,20.5,455000000.0,-0.005291005291005346,-0.010660980810234588,-0.13309316353887396
부산진구,개금동,63,14515.0,521.0,0.03589390285911127,30.5,182000000.0,-0.008645533141210415,-0.018617021276595702,-0.16216216216216217
부산진구,당감동,35,12435.0,419.0,0.033695215118616804,28.5,247500000.0,0.022674418604651247,-0.0064102564102563875,-0.19041916167664674
부산진구,범전동,5,1272.0,68.0,0.05345911949685535,7.0,820000000.0,0.0383678440925701,0.10897009966777405,-0.05141129032258063
부산진구,범천동,63,8409.0,384.0,0.045665358544416695,12.0,440000000.0,0.042424242424242475,0.006184210526315681,-0.1279419195276973
부산진구,부암동,46,15501.0,571.0,0.03683633313979743,18.0,406500000.0,0.000589622641509413,0.0018012911758201744,-0.13551401869158874
부산진구,부전동,38,3252.0,146.0,0.04489544895448955,10.0,238375000.0,0.003376002310410464,0.07159090909090915,-0.0738255033557047
부산진구,양정동,51,9327.0,455.0,0.04878310281977056,20.0,392500000.0,0.007990430697990436,0.06135565067399218,-0.13051185711259522
부산진구,연지동,31,7987.0,375.0,0.04695129585576562,20.5,398000000.0,0.009544008483563182,-0.021531100478468845,-0.177351306853262
부산진구,전포동,71,10771.0,552.0,0.051248723424008914,21.0,386750000.0,0.017964071856287456,0.008801868151607772,-0.1358333333333333
부산진구,초읍동,41,3720.0,203.0,0.05456989247311828,24.5,267500000.0,-0.002673002673002689,-0.02178371348539415,-0.11310592459605029
북구,구포동,61,9077.0,334.0,0.03679629833645478,29.5,210000000.0,0.012814421049505476,-0.030711869618696208,-0.1459459459459459
북구,금곡동,18,11341.0,385.0,0.03394762366634336,31.0,335750000.0,-0.00366300366300365,-0.016570605187319898,-0.20007177720356017
북구,덕천동,54,6980.0,256.0,0.03667621776504298,23.5,319000000.0,-0.03915662650602414,0.0,-0.1394828791055206
북구,만덕동,28,19899.0,634.0,0.031860897532539324,27.0,230000000.0,0.006550097991180781,-0.02021772939346811,-0.2283298097251586
북구,화명동,38,30543.0,1198.0,0.03922338997478964,24.0,481000000.0,0.007886414442666911,0.056731440687650014,-0.15887988209285192
사상구,감전동,6,,5.0,,,,,,0.0
사상구,괘법동,49,4078.0,211.0,0.051741049534085336,6.0,312500000.0,0.13964751607311343,0.045553145336225676,-0.0535714285714286
사상구,덕포동,18,6425.0,206.0,0.032062256809338524,31.0,281250000.0,0.05100661057692313,-0.027381402381402353,-0.16500000000000004
사상구,모라동,27,8701.0,218.0,0.02505459142627284,32.5,193625000.0,0.03882476390346268,-0.027190332326283984,-0.1942307692307692
사상구,삼락동,2,431.0,8.0,0.018561484918793503,31.0,,,-0.048979591836734726,-0.29179331306990886
사상구,엄궁동,18,7584.0,162.0,0.021360759493670885,27.5,235000000.0,-0.06218460555732991,-0.040400124069478904,-0.18371647509578548
사상구,주례동,41,13800.0,331.0,0.02398550724637681,29.5,214000000.0,-0.06133149954871708,-0.03313692839759186,-0.20268456375838922
사상구,학장동,20,9755.0,193.0,0.019784725781650435,32.0,166250000.0,0.00877192982456143,-0.03578947368421048,-0.17763157894736847
사하구,감천동,26,3102.0,102.0,0.03288201160541586,27.5,194000000.0,-0.04197530864197524,-0.04347826086956519,-0.1364806105244476
사하구,괴정동,140,8458.0,455.0,0.053795223457082056,19.0,311500000.0,-0.01684136967155836,-0.010905354065892991,-0.15108695652173915
사하구,구평동,7,3513.0,138.0,0.03928266438941076,13.0,220000000.0,0.026396780303030276,-0.01089324618736387,-0.3114754098360656
사하구,다대동,32,20309.0,587.0,0.02890344182382195,30.0,237500000.0,-0.036042563057012145,-0.004149377593360981,-0.21052631578947367
사하구,당리동,48,4865.0,140.0,0.02877697841726619,32.0,222500000.0,0.005154639175257714,0.016545092838196274,-0.05128205128205132
사하구,신평동,23,7257.0,260.0,0.03582747691883698,26.5,235000000.0,-0.00519750519750517,-0.0283882783882784,-0.13399458143913306
사하구,장림동,40,11951.0,408.0,0.034139402560455195,25.0,183750000.0,0.022328296081802534,-0.0369805194805195,-0.1785122574485412
사하구,하단동,104,8169.0,341.0,0.04174317541926796,25.0,270312500.0,-0.020779220779220786,-0.033333333333333326,-0.09422992540587977
서구,남부민동,14,1098.0,34.0,0.030965391621129327,26.0,,0.0,0.1020408163265305,-0.1428571428571429
서구,동대신동1가,8,503.0,44.0,0.0874751491053678,5.0,510000000.0,0.0117647058823529,0.017818767908309385,-0.13749999999999996
서구,동대신동2가,11,410.0,12.0,0.02926829268292683,50.0,,-0.03951975987993994,-0.024752475247524774,-0.017241379310344807
서구,동대신동3가,13,846.0,31.0,0.03664302600472813,25.0,420000000.0,0.014634146341463428,0.04135148764498231,-0.07843137254901966
서구,부민동1가,6,,10.0,,,280000000.0,-0.010600706713780883,-0.01754385964912286,-0.11020408163265305
서구,부민동3가,2,613.0,25.0,0.040783034257748776,22.0,,0.02127659574468077,-0.020408163265306145,-0.2682926829268293
서구,부용동1가,9,152.0,17.0,0.1118421052631579,11.0,318000000.0,,0.04022988505747116,-0.08934671860952953
서구,서대신동1가,27,959.0,84.0,0.08759124087591241,8.0,366000000.0,-0.06252587991718428,-0.029314288381645903,-0.07488986784140972
서구,서대신동2가,32,1805.0,131.0,0.07257617728531857,5.0,625375000.0,0.03676470588235303,0.00039784589008790006,-0.025432672013507795
서구,서대신동3가,40,3147.0,101.0,0.03209405783285669,23.0,296250000.0,0.001600299471246014,-0.031065088757396442,-0.06982257197321473
서구,아미동2가,5,,7.0,,,,,,0.0
서구,암남동,35,5121.0,249.0,0.04862331575864089,23.0,410000000.0,0.0,0.005847953216374213,-0.09859154929577463
서구,초장동,1,,0.0,,,,,,
서구,충무동1가,4,,11.0,,,405000000.0,0.012499999999999956,-0.012820512820512775,-0.0747863247863248
서구,충무동2가,10,,6.0,,,,,,
서구,충무동3가,1,,5.0,,,,,,
서구,토성동1가,5,653.0,33.0,0.05053598774885146,14.5,370000000.0,-0.04170954162768942,0.0018963337547408532,-0.09252525252525257
서구,토성동2가,3,,3.0,,,,,0.10505836575875493,0.0
서구,토성동3가,3,,1.0,,,,,,-0.06614785992217898
서구,토성동5가,15,,29.0,,,230000000.0,-0.04210526315789476,-0.04536862003780717,-0.12
수영구,광안동,186,7589.0,450.0,0.05929634998023455,19.0,417250000.0,0.014746552882146102,0.02961918194640334,0.0
수영구,남천동,50,9093.0,536.0,0.0589464423182668,21.5,670000000.0,0.020000000000000018,0.07859329812444105,-0.07499999999999996
수영구,망미동,44,5903.0,248.0,0.042012535998644754,22.0,458500000.0,0.04358974358974366,0.0021905805038335835,-0.1507936507936508
수영구,민락동,44,7080.0,367.0,0.05183615819209039,11.0,671250000.0,0.0023706896551723977,0.021321589570206356,-0.1428571428571429
수영구,수영동,17,2287.0,64.0,0.027984258854394404,22.0,723500000.0,-0.011805859204197633,0.034545454545454435,-0.17156040978748627
양산시,교동,5,1465.0,53.0,0.03617747440273038,,193250000.0,-0.0040322580645161255,0.09542543721103858,-0.240506329113924
양산시,남부동,8,5766.0,193.0,0.033472077696843565,,248750000.0,-0.006085192697768749,0.006224066390041472,-0.2775665399239544
양산시,다방동,1,,1.0,,,,,,
양산시,덕계동,19,7009.0,266.0,0.03795120559280925,6.0,278000000.0,0.010293321083052809,0.017133956386292892,-0.25
양산시,동면금산리,3,139.0,6.0,0.04316546762589928,33.0,,,,-0.04385964912280704
양산시,동면내송리,5,452.0,118.0,0.2610619469026549,2.0,420000000.0,0.010162923486095932,-0.010850727855909181,-0.09361376222457879
양산시,동면사송리,6,2214.0,63.0,0.028455284552845527,2.0,412750000.0,-0.009019843656043247,-0.0034843205574912606,-0.1045454545454545
양산시,동면석산리,17,8945.0,435.0,0.048630519843487985,13.0,301500000.0,0.02528922730699057,0.011055707390823954,-0.18802681992337167
양산시,명동,11,2073.0,88.0,0.042450554751567775,,194750000.0,-0.048387096774193505,0.0,-0.1681034482758621
양산시,물금읍가촌리,26,17111.0,995.0,0.058149728244988604,9.5,403750000.0,0.035211267605633756,0.04216867469879526,-0.189224302984993
양산시,물금읍물금리,3,1352.0,51.0,0.03772189349112426,9.0,410000000.0,0.028858218318695172,0.05966277561608302,-0.06289978678038377
양산시,물금읍범어리,26,15836.0,708.0,0.04470825966153069,18.0,306875000.0,0.02355772035233039,0.020492729671241827,-0.19991529991529988
양산시,북부동,17,612.0,63.0,0.10294117647058823,,,-0.029126213592232997,0.03571428571428581,0.0
양산시,북정동,10,2411.0,62.0,0.025715470759021152,,,0.20110036046291024,-0.03934426229508198,-0.18389051808406648
양산시,삼호동,22,4722.0,147.0,0.031130876747141042,,122750000.0,0.012499999999999956,0.05419386422976502,0.0
양산시,상북면대석리,4,296.0,4.0,0.013513513513513514,34.0,,,-0.14102564102564108,-0.2947368421052632
양산시,상북면석계리,13,2818.0,71.0,0.025195173882185947,34.0,200500000.0,-0.13166953528399317,-0.036792362616345775,-0.34418181818181814
양산시,상북면소토리,3,622.0,22.0,0.03536977491961415,31.0,90000000.0,0.1210526315789473,0.009457671957671943,-0.2922077922077922
양산시,소주동,7,5176.0,189.0,0.03651468315301391,29.0,,-0.08571428571428574,0.13548387096774195,-0.15760869565217395
양산시,신기동,9,4340.0,117.0,0.02695852534562212,,315000000.0,0.008064516129032251,0.12397139924496792,-0.04526748971193417
양산시,어곡동,3,1544.0,24.0,0.015544041450777202,,,,,
양산시,주남동,1,700.0,22.0,0.03142857142857143,,146500000.0,0.02188552188552184,-0.0703125,-0.3023809523809524
양산시,주진동,5,3027.0,84.0,0.027750247770069375,7.0,276000000.0,-0.107773851590106,0.014285714285714235,-0.3016759776536313
양산시,중부동,13,3926.0,148.0,0.03769740193581253,,237000000.0,0.05333333333333323,-0.04139433551198257,-0.1459166190748144
양산시,평산동,24,10331.0,372.0,0.036008130868260574,33.0,142500000.0,0.018236488784361793,0.013698630136986356,-0.21384020815795518
양산시,하북면백록리,1,,2.0,,,,,,
양산시,하북면순지리,14,197.0,16.0,0.08121827411167512,26.0,217500000.0,-0.2785234899328859,-0.09932336182336182,-0.05862068965517242
양산시,하북면용연리,1,165.0,4.0,0.024242424242424242,33.0,,,,-0.3548387096774194
양산시,하북면지산리,3,105.0,3.0,0.02857142857142857,34.0,,,,-0.18507476171116233
양산시,하북면초산리,2,,4.0,,,,,-0.08823529411764708,-0.1404494382022472
연제구,거제동,81,21232.0,1018.0,0.047946495855312736,23.0,448875000.0,0.02777777777777768,0.06932950135390092,-0.13432835820895528
연제구,연산동,251,29696.0,1396.0,0.04700969827586207,19.5,400000000.0,0.026119402985074647,0.0230793423874196,-0.10332577475434623
영도구,남항동1가,10,184.0,30.0,0.16304347826086957,10.0,,-0.06554621848739495,-0.03600000000000003,-0.06538461538461537
영도구,남항동2가,4,,3.0,,,,,,-0.09999999999999998
영도구,남항동3가,5,,7.0,,,,,-0.07534246575342463,-0.2
영도구,대교동1가,5,115.0,7.0,0.06086956521739131,6.0,,,,
영도구,대교동2가,9,,6.0,,,250000000.0,,,-0.11818181818181817
영도구,대평동1가,4,462.0,3.0,0.006493506493506494,46.0,290000000.0,0.15999999999999992,-0.13714285714285712,-0.3136363636363636
영도구,동삼동,51,10820.0,338.0,0.03123844731977819,31.0,270500000.0,0.016091954022988464,-0.020366485135255796,-0.12568149210903873
영도구,봉래동1가,3,,9.0,,,229000000.0,-0.051759834368530044,0.06726457399103136,-0.06323552123552123
영도구,봉래동2가,8,676.0,12.0,0.01775147928994083,34.0,173000000.0,-0.022662889518413554,0.06515151515151518,-0.168942731277533
영도구,봉래동3가,7,,4.0,,,,,-0.07007978723404251,-0.03529411764705881
영도구,봉래동4가,3,1526.0,57.0,0.037352555701179554,17.0,490000000.0,-0.04322824716267337,-0.025925925925925908,-0.021739130434782594
영도구,봉래동5가,6,,7.0,,,,,,0.0
영도구,신선동2가,3,209.0,5.0,0.023923444976076555,32.0,,,-0.3548387096774194,-0.4117647058823529
영도구,신선동3가,1,,0.0,,,,,,
영도구,영선동1가,4,,1.0,,,,,,0.0
영도구,영선동2가,7,416.0,14.0,0.03365384615384615,21.0,,-0.02985074626865669,0.02564102564102555,-0.12863070539419086
영도구,영선동3가,6,,1.0,,,,,,0.0
영도구,영선동4가,6,1316.0,23.0,0.017477203647416412,30.5,,,,-0.18563685636856364
영도구,청학동,28,3245.0,94.0,0.02896764252696456,22.0,174750000.0,-0.04347826086956519,0.0014836795252226587,-0.19077568134171907
중구,대창동1가,4,144.0,0.0,0.0,53.0,,,,0.0
중구,대청동1가,1,269.0,10.0,0.03717472118959108,12.0,,,,
중구,대청동2가,1,,1.0,,,,,,-0.13888888888888884
중구,대청동4가,13,131.0,6.0,0.04580152671755725,45.0,230000000.0,-0.017094017094017144,-0.2068965517241379,-0.2532461286909686
중구,동광동5가,2,120.0,1.0,0.008333333333333333,45.0,,,,-0.10810810810810811
중구,보수동1가,5,140.0,5.0,0.03571428571428571,31.0,,,,-0.049090909090909074
중구,보수동2가,10,,13.0,,,,,-0.04049844236760125,-0.06666666666666665
중구,보수동3가,11,,17.0,,,,,,0.0
중구,부평동2가,3,,2.0,,,,,,
중구,부평동4가,11,,16.0,,,,,-0.02631578947368418,-0.04181184668989546
중구,신창동1가,1,,0.0,,,,,,
중구,신창동2가,1,,1.0,,,,,,
중구,영주동,17,1067.0,30.0,0.028116213683223992,27.0,170000000.0,-0.021507551240560918,-0.0019920318725099584,-0.13793103448275867
중구,중앙동4가,3,120.0,5.0,0.041666666666666664,5.0,,,,
해운대구,반송동,19,4221.0,120.0,0.028429282160625444,29.0,195000000.0,-0.028000000000000025,-0.02584656492472126,-0.17345979663334188
해운대구,반여동,38,18830.0,659.0,0.03499734466277217,30.0,350000000.0,-0.00359984842743466,-0.013461538461538414,-0.35315985130111527
해운대구,송정동,34,637.0,50.0,0.07849293563579278,9.0,296500000.0,0.0117647058823529,-0.07499999999999996,-0.15217391304347827
해운대구,우동,67,25149.0,854.0,0.03395761262873275,20.0,690000000.0,0.008000000000000007,0.0430247718383312,-0.21276595744680848
해운대구,재송동,73,16096.0,604.0,0.03752485089463221,31.0,531000000.0,-0.009277671160026812,0.06551155115511553,-0.1459383753501401
해운대구,좌동,41,30523.0,1128.0,0.03695573829571143,29.0,540000000.0,0.03846153846153855,0.08163265306122458,-0.16788321167883213
해운대구,중동,100,10898.0,431.0,0.039548541016700314,18.0,644000000.0,0.023034175479827668,0.030169242089771897,-0.1675065501508835
