internal_complex_id,complex_name,sigungu,dong,jibun,sido,region_code,region_key,region_name,region_level_1,region_level_2,market_area,is_busan,is_satellite,households,approval_date,apartment_age,parking_total,parking_per_household,transactions_3m,transactions_6m,transactions_12m,area_variety,latitude,longitude,road_address,provisional,turnover_12m,price_84,price_84_per_3_3sqm,price_change_3m,price_change_6m,price_change_12m,rolling_peak,drawdown_from_peak,rolling_trough,recovery_from_trough,sample_count,low_sample_flag,previous_6m_transactions,volume_increasing,trend_stabilizing,watch_label
A10021327,한사랑,동래구,온천동,1350,부산광역시,26260,busan,부산,BUSAN,부산광역시,BUSAN_CORE,True,False,109.0,1993-06-30,33,72.0,0.6605504587155964,2.0,9.0,15.0,3,35.2080565617282,129.067710554714,부산광역시 동래구 아시아드대로255번가길 8-9,True,0.13761467889908258,288500000.0,11332910.159735287,-0.010291595197255532,-0.002579535683576939,0.022927689594356204,377000000.0,-0.23474801061007955,200000000.0,0.4424999999999999,8.0,False,6.0,True,True,시장회복 관찰대상
A10022703,장유자이더파크,김해시,신문동,1528,경상남도,48250,gimhae,김해,GYEONGNAM,김해시,GIMHAE,False,True,587.0,2024-03-28,2,770.0,1.31175468483816,4.0,8.0,15.0,2,35.1926543867879,128.811924122665,경상남도 김해시 장유로334번길 67,True,0.02555366269165247,468750000.0,18310329.954590425,-0.04336734693877553,-0.06792265741199799,-0.019437340153452665,520000000.0,-0.10096153846153844,439000000.0,0.06492027334851946,6.0,False,7.0,True,True,시장회복 관찰대상
A10022844,롯데캐슬라센트,부산진구,부암동,756,부산광역시,26230,busan,부산,BUSAN,부산광역시,BUSAN_CORE,True,False,2195.0,2025-02-06,1,2387.0,1.0874715261958998,10.0,41.0,70.0,4,35.1705243127939,129.035161562272,부산광역시 부산진구 백양순환로 75,True,0.03189066059225513,555000000.0,21597877.358490564,-0.032258064516129004,-0.051430941518042284,-0.044123711340206206,629500000.0,-0.11834789515488486,555000000.0,0.0,18.0,False,29.0,True,True,시장회복 관찰대상
A10022868,테넌바움294,수영구,민락동,784,부산광역시,26500,busan,부산,BUSAN,부산광역시,BUSAN_CORE,True,False,294.0,2023-11-27,2,368.0,1.251700680272109,10.0,40.0,76.0,1,35.1569571883719,129.129031951673,부산광역시 수영구 광안해변로 323,True,0.2585034013605442,1130000000.0,44065565.40173638,0.018018018018018056,-0.13702623906705536,0.024896265560165887,1515000000.0,-0.15841584158415845,985000000.0,0.29441624365482233,40.0,False,36.0,True,True,시장회복 관찰대상
A10023725,백양산베스티움에코포레,북구,만덕동,963,부산광역시,26320,busan,부산,BUSAN,부산광역시,BUSAN_CORE,True,False,593.0,2022-04-25,4,597.0,1.0067453625632379,5.0,12.0,21.0,2,35.2071617886075,129.043239180592,부산광역시 북구 상리로 86,True,0.03541315345699832,314500000.0,12216568.201962702,-0.0015873015873015817,-0.03076923076923077,-0.015625,360000000.0,-0.125,268000000.0,0.17537313432835822,8.0,False,9.0,True,True,시장회복 관찰대상
A10024695,광안자이,수영구,광안동,1334,부산광역시,26500,busan,부산,BUSAN,부산광역시,BUSAN_CORE,True,False,971.0,2020-08-06,6,1107.0,1.1400617919670444,13.0,28.0,53.0,5,35.1552831735431,129.109801726186,부산광역시 수영구 호암로29번길 50,True,0.05458290422245108,1030000000.0,40234375.0,0.02487562189054726,0.015151515151515138,0.17543859649122817,1445000000.0,-0.20415224913494812,297000000.0,2.872053872053872,14.0,False,25.0,True,True,시장회복 관찰대상
A10024730,양산양우내안애파크뷰,양산시,주진동,707,경상남도,48330,yangsan,양산,GYEONGNAM,양산시,YANGSAN,False,True,266.0,2020-07-27,6,297.0,1.1165413533834587,2.0,4.0,6.0,1,35.3940148657247,129.157316757314,경상남도 양산시 진등길 15,True,0.022556390977443608,276000000.0,10718194.334937688,-0.016042780748663055,-0.046232876712328785,0.014285714285714235,340000000.0,-0.21176470588235297,260460000.0,0.028948782922521676,4.0,False,2.0,True,True,시장회복 관찰대상
A10024982,쌍용더플래티넘사직아시아드아파트,동래구,사직동,1058,부산광역시,26260,busan,부산,BUSAN,부산광역시,BUSAN_CORE,True,False,914.0,2020-02-28,6,983.0,1.075492341356674,6.0,19.0,35.0,3,35.1962684818295,129.067245241012,부산광역시 동래구 아시아드대로134번길 14,True,0.038293216630196934,1100000000.0,42882660.63856668,0.037735849056603765,0.09657947686116697,0.10187110187110182,1222500000.0,-0.10838445807770958,396955000.0,1.7459031880187932,12.0,False,16.0,True,True,시장회복 관찰대상
A10025109,지원더뷰오션2차,동구,초량동,1160-1,부산광역시,26170,busan,부산,BUSAN,부산광역시,BUSAN_CORE,True,False,231.0,2019-12-02,6,284.0,1.2294372294372293,2.0,5.0,8.0,1,35.1230249802826,129.045447674133,부산광역시 동구 중앙대로296번길 7-10,True,0.03463203463203463,452500000.0,17603344.46805552,0.07354685646500592,-0.013953488372092981,-0.07407407407407407,645000000.0,-0.3410852713178295,400000000.0,0.0625,5.0,False,3.0,True,True,시장회복 관찰대상
A10025662,포레나동래,동래구,낙민동,326,부산광역시,26260,busan,부산,BUSAN,부산광역시,BUSAN_CORE,True,False,732.0,2019-02-26,7,816.0,1.1147540983606556,8.0,19.0,33.0,1,35.196597853658,129.090761438022,부산광역시 동래구 온천천로339번길 51,True,0.045081967213114756,619500000.0,24099744.544004567,-0.0008064516129032695,-0.001208702659145855,0.015151515151515138,844500000.0,-0.290704558910598,555000000.0,0.07927927927927936,19.0,False,14.0,True,True,시장회복 관찰대상
A10025720,김해 부원역 그린코아 더 센텀,김해시,부원동,606-3,경상남도,48250,gimhae,김해,GYEONGNAM,김해시,GIMHAE,False,True,390.0,2018-12-28,7,450.0,1.1538461538461537,3.0,5.0,9.0,1,35.22694370239,128.883418031963,경상남도 김해시 김해대로 2349,True,0.023076923076923078,310000000.0,12078478.229812233,-0.0948905109489051,-0.09375,-0.0028571428571428914,522000000.0,-0.4061302681992337,310000000.0,0.0,5.0,False,4.0,True,True,시장회복 관찰대상
A10026158,정관가화만사성더테라스2차,기장군,정관읍방곡리,405,부산광역시,26710,busan,부산,BUSAN,부산광역시,BUSAN_GIJANG,True,False,396.0,2018-06-01,8,471.0,1.1893939393939394,5.0,10.0,14.0,4,35.3233568907897,129.190093385805,부산광역시 기장군 구연방곡로 106,True,0.03535353535353535,421250000.0,16361668.64597592,0.1233333333333333,,-0.07784431137724546,610000000.0,-0.3688524590163934,320000000.0,0.203125,3.0,False,4.0,True,True,시장회복 관찰대상
A10026713,율하일동미라주더스타,김해시,관동동,1161,경상남도,48250,gimhae,김해,GYEONGNAM,김해시,GIMHAE,False,True,286.0,2017-10-27,8,330.0,1.1538461538461537,5.0,10.0,15.0,2,35.1789620780801,128.817310184637,경상남도 김해시 관동로27번길 117,True,0.05244755244755245,267000000.0,10366809.267652165,-0.005123428039124356,-0.0060408921933085,0.020952380952381056,332000000.0,-0.19277108433734935,230000000.0,0.16521739130434776,8.0,False,5.0,True,True,시장회복 관찰대상
A10026919,e편한세상봉황역,김해시,봉황동,886,경상남도,48250,gimhae,김해,GYEONGNAM,김해시,GIMHAE,False,True,936.0,2017-06-12,9,1035.0,1.1057692307692308,14.0,33.0,62.0,4,35.2252914707934,128.876671717676,경상남도 김해시 김해대로2324번길 54-27,True,0.06623931623931624,400000000.0,15627145.772857068,-0.0031152647975077885,-0.004658385093167738,0.004702194357366851,557500000.0,-0.2645739910313901,340000000.0,0.2058823529411764,19.0,False,29.0,True,True,시장회복 관찰대상
A10026935,양산신도시4차동원로얄듀크비스타,양산시,물금읍가촌리,1285,경상남도,48330,yangsan,양산,GYEONGNAM,양산시,YANGSAN,False,True,521.0,2017-06-15,9,613.0,1.1765834932821497,5.0,15.0,26.0,1,35.3131122853151,129.008744588694,경상남도 양산시 백호로 155,True,0.04990403071017274,403750000.0,15678799.803246433,0.06530343007915573,0.026315789473684292,0.056241426611796985,534000000.0,-0.2696629213483146,327500000.0,0.19083969465648853,15.0,False,11.0,True,True,시장회복 관찰대상
A10027202,사직역삼정그린코아더베스트1차,동래구,사직동,1039,부산광역시,26260,busan,부산,BUSAN,부산광역시,BUSAN_CORE,True,False,313.0,2016-12-26,9,400.0,1.2779552715654952,6.0,14.0,25.0,3,35.1971636470331,129.064253724507,부산광역시 동래구 사직로 8,True,0.07987220447284345,786500000.0,30602197.160947405,-0.007570977917981114,-0.04764776839565743,0.10273972602739723,947500000.0,-0.1699208443271768,550000000.0,0.42999999999999994,11.0,False,11.0,True,True,시장회복 관찰대상
A10027306,e편한세상사하,사하구,구평동,517,부산광역시,26380,busan,부산,BUSAN,부산광역시,BUSAN_CORE,True,False,1068.0,2016-09-09,10,1078.0,1.0093632958801497,13.0,25.0,46.0,3,35.0809670275315,128.986262867272,부산광역시 사하구 서포로30번길 26,True,0.04307116104868914,315000000.0,12230174.352047833,-0.015625,-0.0078125,-0.021406727828746197,457500000.0,-0.3114754098360656,249750000.0,0.26126126126126126,12.0,False,21.0,True,True,시장회복 관찰대상
A10027652,부산더샵시티애비뉴,연제구,연산동,1361-7,부산광역시,26470,busan,부산,BUSAN,부산광역시,BUSAN_CORE,True,False,232.0,2015-11-30,10,232.0,1.0,3.0,10.0,17.0,2,35.1813039989993,129.075113040911,부산광역시 연제구 시청로 20,True,0.07327586206896551,593000000.0,23027771.24029183,-0.005867560771165126,-0.01983471074380161,0.009306260575296044,750000000.0,-0.20933333333333337,467500000.0,0.26844919786096266,3.0,False,7.0,True,True,시장회복 관찰대상
A60105002,두산위브범일뉴타운,동구,좌천동,1168,부산광역시,26170,busan,부산,BUSAN,부산광역시,BUSAN_CORE,True,False,466.0,2006-06-27,20,453.0,0.9721030042918455,6.0,13.0,23.0,2,35.1322625319397,129.055439517713,부산광역시 동구 성남일로 5,True,0.04935622317596566,315000000.0,12230001.682434091,0.012048192771084265,0.0023866348448686736,-0.01716068642745705,480000000.0,-0.34375,265000000.0,0.18867924528301883,9.0,False,10.0,True,True,시장회복 관찰대상
A60270201,송도풍림아이원,서구,암남동,595,부산광역시,26140,busan,부산,BUSAN,부산광역시,BUSAN_CORE,True,False,239.0,2010-02-09,16,382.0,1.598326359832636,5.0,6.0,10.0,3,35.0725264018686,129.016165911772,부산광역시 서구 암남공원로 39,True,0.04184100418410042,410000000.0,15919688.524763763,-0.023809523809523836,-0.023255813953488413,-0.023255813953488413,530000000.0,-0.24528301886792447,340000000.0,0.17647058823529416,5.0,False,4.0,True,True,시장회복 관찰대상
A60283005,송도정림비치타운,서구,암남동,64-2,부산광역시,26140,busan,부산,BUSAN,부산광역시,BUSAN_CORE,True,False,268.0,1993-02-25,33,148.0,0.5522388059701493,2.0,3.0,5.0,3,35.0816176579061,129.017127017576,부산광역시 서구 감천로 271,True,0.018656716417910446,165000000.0,6436525.42571853,0.1619718309859155,-0.03459119496855345,0.06000000000000005,188000000.0,-0.12234042553191493,92000000.0,0.7934782608695652,3.0,False,2.0,True,True,시장회복 관찰대상
A60473602,구평화신,사하구,구평동,41-7,부산광역시,26380,busan,부산,BUSAN,부산광역시,BUSAN_CORE,True,False,496.0,1993-05-14,33,393.0,0.7923387096774194,2.0,8.0,14.0,2,35.086802317881,128.993009102991,부산광역시 사하구 사하로 47,True,0.028225806451612902,115000000.0,4467596.6802048385,-0.14338919925512106,-0.18414533443435177,0.024809160305343525,188000000.0,-0.4148936170212766,110000000.0,0.0,6.0,False,6.0,True,True,시장회복 관찰대상
A60475710,삼환,사하구,다대동,120-10,부산광역시,26380,busan,부산,BUSAN,부산광역시,BUSAN_CORE,True,False,1669.0,1996-09-13,30,1843.0,1.104254044337927,6.0,23.0,41.0,3,35.0617575665852,128.981626579868,부산광역시 사하구 다대로429번길 20,True,0.02456560814859197,237500000.0,9234711.912336513,0.0,-0.06862745098039214,0.004020100502512669,356500000.0,-0.33380084151472655,215500000.0,0.10208816705336421,4.0,False,18.0,True,True,시장회복 관찰대상
A60607003,신영도롯데낙천대,영도구,청학동,99-294,부산광역시,26200,busan,부산,BUSAN,부산광역시,BUSAN_CORE,True,False,528.0,2005-10-26,20,513.0,0.9715909090909091,4.0,9.0,13.0,4,35.088132811256,129.061865406657,부산광역시 영도구 청학남로 48,True,0.02462121212121212,187000000.0,7262563.2576203365,-0.024771838331160367,-0.04125000000000001,0.0610079575596818,260000000.0,-0.35769230769230764,160000000.0,0.043749999999999956,6.0,False,4.0,True,True,시장회복 관찰대상
A60804003,삼성,남구,문현동,395,부산광역시,26290,busan,부산,BUSAN,부산광역시,BUSAN_CORE,True,False,916.0,2001-05-18,25,1261.0,1.3766375545851528,8.0,15.0,26.0,4,35.1384099080591,129.069055005484,부산광역시 남구 전포대로20번길 15,True,0.028384279475982533,404500000.0,15731879.78786093,0.017610062893081757,-0.034545454545454546,0.051948051948051965,580000000.0,-0.2801724137931034,310000000.0,0.346774193548387,10.0,False,11.0,True,True,시장회복 관찰대상
A60875603,장백장미타워1,남구,대연동,255-1,부산광역시,26290,busan,부산,BUSAN,부산광역시,BUSAN_CORE,True,False,287.0,1996-02-12,30,235.0,0.818815331010453,1.0,4.0,6.0,4,35.1490070056331,129.091256816267,부산광역시 남구 황령대로319번길 120,True,0.020905923344947737,250000000.0,9927797.833935019,0.16279069767441867,0.09523809523809534,0.22222222222222232,287500000.0,-0.13043478260869568,150000000.0,0.6666666666666667,3.0,False,2.0,True,True,시장회복 관찰대상
A60877106,뉴서울,남구,우암동,53-1,부산광역시,26290,busan,부산,BUSAN,부산광역시,BUSAN_CORE,True,False,429.0,1996-04-01,30,273.0,0.6363636363636364,2.0,6.0,9.0,2,35.1248893944206,129.079413370863,부산광역시 남구 유엔로 10,True,0.02097902097902098,240000000.0,9379441.023211747,-0.0606653620352251,-0.06509433962264155,-0.04485981308411213,321000000.0,-0.25233644859813087,202000000.0,0.18811881188118806,3.0,False,3.0,True,True,시장회복 관찰대상
A60880801,일동지에닌,남구,대연동,1375-2,부산광역시,26290,busan,부산,BUSAN,부산광역시,BUSAN_CORE,True,False,201.0,2006-01-13,20,241.0,1.199004975124378,1.0,5.0,8.0,2,35.1355049782132,129.089364912238,부산광역시 남구 수영로 209,True,0.03980099502487562,383000000.0,14872911.273240762,0.0942857142857143,-0.03260869565217395,0.0020761245674740803,490000000.0,-0.21836734693877546,329000000.0,0.1641337386018238,5.0,False,3.0,True,True,시장회복 관찰대상
A60882401,한화꿈에그린,남구,문현동,402-70,부산광역시,26290,busan,부산,BUSAN,부산광역시,BUSAN_CORE,True,False,238.0,2006-07-28,20,250.0,1.050420168067227,3.0,5.0,9.0,1,35.1377412172281,129.068771720089,부산광역시 남구 전포대로20번길 26,True,0.037815126050420166,383750000.0,14909454.719502982,0.028820375335120607,-0.03459119496855345,-0.01741293532338306,521000000.0,-0.2850287907869482,336000000.0,0.10863095238095233,5.0,False,4.0,True,True,시장회복 관찰대상
A60882701,보람더하임,남구,문현동,806,부산광역시,26290,busan,부산,BUSAN,부산광역시,BUSAN_CORE,True,False,218.0,2006-04-12,20,235.0,1.0779816513761469,2.0,5.0,7.0,1,35.1382173886293,129.06720414758,부산광역시 남구 전포대로 17,True,0.03211009174311927,295000000.0,11452941.176470587,0.02430555555555558,0.02473498233215543,-0.030303030303030276,405000000.0,-0.28395061728395066,277000000.0,0.04693140794223827,5.0,False,2.0,True,True,시장회복 관찰대상
A60971102,구서 협성 엠파이어,금정구,구서동,183-2,부산광역시,26410,busan,부산,BUSAN,부산광역시,BUSAN_CORE,True,False,374.0,2013-04-01,13,396.0,1.0588235294117647,3.0,6.0,10.0,1,35.2553495851509,129.091783768983,부산광역시 금정구 중앙대로 1920,True,0.026737967914438502,383750000.0,14904005.50836156,0.003924133420536213,-0.0032467532467532756,-0.03459119496855345,500000000.0,-0.24,328500000.0,0.15677321156773205,6.0,False,4.0,True,True,시장회복 관찰대상
A60975303,경남한신,금정구,부곡동,225-6,부산광역시,26410,busan,부산,BUSAN,부산광역시,BUSAN_CORE,True,False,1408.0,1995-03-30,31,1341.0,0.9524147727272727,7.0,30.0,57.0,4,35.236865898024,129.089689808643,부산광역시 금정구 중앙대로1685번길 24,True,0.040482954545454544,357000000.0,13868157.739846969,0.020000000000000018,-0.07339449541284404,-0.052023121387283267,535000000.0,-0.33271028037383177,330000000.0,0.08181818181818179,13.0,False,27.0,True,True,시장회복 관찰대상
A61201003,해운대중동롯데캐슬마스터2,해운대구,중동,181-1,부산광역시,26350,busan,부산,BUSAN,부산광역시,BUSAN_CORE,True,False,242.0,2007-10-23,18,323.0,1.334710743801653,1.0,4.0,5.0,2,35.1713537697364,129.172436675549,부산광역시 해운대구 좌동로63번길 46,True,0.02066115702479339,630000000.0,24461845.286770716,0.026058631921824116,-0.05970149253731338,-0.027027027027026973,800000000.0,-0.21250000000000002,525000000.0,0.19999999999999996,3.0,False,1.0,True,True,시장회복 관찰대상
A61202001,신동아,해운대구,우동,496-1,부산광역시,26350,busan,부산,BUSAN,부산광역시,BUSAN_CORE,True,False,194.0,1991-08-21,35,146.0,0.7525773195876289,1.0,4.0,5.0,1,35.1629702712593,129.155018850314,부산광역시 해운대구 우동1로 9-28,True,0.02577319587628866,510000000.0,19858407.079646014,0.033958438925494105,0.008000000000000007,-0.03368623676612126,730000000.0,-0.3013698630136986,350000000.0,0.4571428571428571,4.0,False,1.0,True,True,시장회복 관찰대상
A61202008,쌍용예가,남구,용호동,976,부산광역시,26290,busan,부산,BUSAN,부산광역시,BUSAN_CORE,True,False,773.0,2013-06-05,13,777.0,1.0051746442432083,7.0,20.0,27.0,3,35.1127684985524,129.109271458577,부산광역시 남구 용호로216번가길 10,True,0.03492884864165589,350000000.0,13609947.162767898,-0.07407407407407407,-0.09290953545232272,0.0026041666666667407,535000000.0,-0.3457943925233645,320000000.0,0.09375,4.0,False,7.0,True,True,시장회복 관찰대상
A61203002,롯데캐슬마스터,해운대구,좌동,970,부산광역시,26350,busan,부산,BUSAN,부산광역시,BUSAN_CORE,True,False,200.0,2005-12-06,20,200.0,1.0,1.0,5.0,7.0,1,35.1740455760583,129.175747895706,부산광역시 해운대구 세실로 104,True,0.035,575000000.0,22335091.10598427,-0.017094017094017144,-0.04508196721311475,-0.04115226337448563,745000000.0,-0.22818791946308725,460000000.0,0.25,5.0,False,2.0,True,True,시장회복 관찰대상
A61203013,두산2,해운대구,좌동,1319,부산광역시,26350,busan,부산,BUSAN,부산광역시,BUSAN_CORE,True,False,632.0,1996-10-29,29,632.0,1.0,5.0,12.0,22.0,3,35.1690929310781,129.179950952506,부산광역시 해운대구 대천로 225,True,0.03481012658227848,650000000.0,25265017.66784452,0.048387096774193505,-0.015503875968992276,0.13157894736842102,777000000.0,-0.1634491634491635,455000000.0,0.4285714285714286,3.0,False,10.0,True,True,시장회복 관찰대상
A61203019,삼성,해운대구,좌동,1413,부산광역시,26350,busan,부산,BUSAN,부산광역시,BUSAN_CORE,True,False,728.0,1997-02-22,29,838.0,1.151098901098901,9.0,19.0,35.0,3,35.1790705362313,129.177334583601,부산광역시 해운대구 세실로 174,True,0.04807692307692308,610500000.0,23702880.13553579,0.005766062602965416,0.05017301038062283,0.08246013667425967,680000000.0,-0.13088235294117645,395000000.0,0.4962025316455696,5.0,False,16.0,True,True,시장회복 관찰대상
A61206103,센텀SD,해운대구,반여동,692-6,부산광역시,26350,busan,부산,BUSAN,부산광역시,BUSAN_CORE,True,False,296.0,1993-04-06,33,171.0,0.5777027027027027,1.0,7.0,11.0,2,35.2110224792036,129.119601272797,부산광역시 해운대구 삼어로 149,True,0.037162162162162164,172500000.0,6934124.296538115,0.014705882352941124,-0.032258064516129004,-0.14320987654320982,285000000.0,-0.39473684210526316,150000000.0,0.1499999999999999,6.0,False,4.0,True,True,시장회복 관찰대상
A61271405,해운대동일,해운대구,중동,1763,부산광역시,26350,busan,부산,BUSAN,부산광역시,BUSAN_CORE,True,False,384.0,1998-05-16,28,402.0,1.046875,5.0,9.0,15.0,2,35.1652743714169,129.171178199358,부산광역시 해운대구 해운대해변로 394,True,0.0390625,462500000.0,17977031.802120138,0.04166666666666674,0.01777777777777767,0.031818181818181746,592000000.0,-0.21875,298000000.0,0.5520134228187918,4.0,False,6.0,True,True,시장회복 관찰대상
A61275301,삼환,해운대구,좌동,1445,부산광역시,26350,busan,부산,BUSAN,부산광역시,BUSAN_CORE,True,False,356.0,1998-10-29,27,404.0,1.1348314606741574,2.0,9.0,13.0,3,35.1685478543626,129.185488563266,부산광역시 해운대구 좌동순환로299번길 22,True,0.03651685393258427,449000000.0,17439971.75141243,0.03815028901734108,,,506000000.0,-0.11264822134387353,355000000.0,0.2647887323943663,3.0,False,4.0,True,True,시장회복 관찰대상
A61279801,대우금사,해운대구,반여동,586-2,부산광역시,26350,busan,부산,BUSAN,부산광역시,BUSAN_CORE,True,False,466.0,1995-08-31,31,412.0,0.8841201716738197,3.0,8.0,11.0,3,35.2137591182302,129.117534437521,부산광역시 해운대구 삼어로 207,True,0.023605150214592276,212500000.0,8250970.70243558,-0.011627906976744207,-0.109375,-0.21818181818181814,355000000.0,-0.4014084507042254,208500000.0,0.01918465227817756,5.0,False,3.0,True,True,시장회복 관찰대상
A61282304,센텀현대,해운대구,우동,1102-221,부산광역시,26350,busan,부산,BUSAN,부산광역시,BUSAN_CORE,True,False,498.0,1999-12-06,26,511.0,1.0261044176706828,8.0,22.0,36.0,3,35.1699585754124,129.14185288399,부산광역시 해운대구 해운대로469번길 190,True,0.07228915662650602,477500000.0,18555699.481865287,0.0730337078651686,0.03400576368876074,0.053254437869822535,695000000.0,-0.3165467625899281,342500000.0,0.3868613138686132,13.0,False,14.0,True,True,시장회복 관찰대상
A61286810,반도보라빌,해운대구,우동,945,부산광역시,26350,busan,부산,BUSAN,부산광역시,BUSAN_CORE,True,False,548.0,2006-03-24,20,608.0,1.1094890510948905,4.0,13.0,21.0,3,35.1624138157013,129.147958676759,부산광역시 해운대구 해운대로 495,True,0.03832116788321168,690000000.0,26817482.12462297,0.09523809523809534,-0.01526717557251911,0.019607843137254832,847500000.0,-0.18584070796460173,500000000.0,0.3799999999999999,10.0,False,8.0,True,True,시장회복 관찰대상
A61287317,센텀파미르,해운대구,재송동,1029,부산광역시,26350,busan,부산,BUSAN,부산광역시,BUSAN_CORE,True,False,373.0,2009-06-19,17,368.0,0.9865951742627346,3.0,8.0,13.0,2,35.1941914731661,129.125591411416,부산광역시 해운대구 해운대로61번길 56,True,0.03485254691689008,280000000.0,10988279.16888652,0.0,0.0,-0.028620988725065022,420000000.0,-0.33333333333333337,255000000.0,0.0980392156862746,6.0,False,5.0,True,True,시장회복 관찰대상
A61375202,광원,수영구,광안동,526-1,부산광역시,26500,busan,부산,BUSAN,부산광역시,BUSAN_CORE,True,False,589.0,1995-11-28,30,513.0,0.8709677419354839,3.0,11.0,21.0,3,35.1614978181642,129.107336656838,부산광역시 수영구 광일로 63,True,0.035653650254668934,390000000.0,15142957.995058244,0.06849315068493156,0.11029411764705888,0.02961918194640334,455000000.0,-0.1428571428571429,268000000.0,0.455223880597015,7.0,False,10.0,True,True,시장회복 관찰대상
A61376903,진로비치(101~103동),수영구,민락동,113-23,부산광역시,26500,busan,부산,BUSAN,부산광역시,BUSAN_CORE,True,False,499.0,1997-05-24,29,482.0,0.9659318637274549,1.0,7.0,13.0,3,35.156903754398,129.127595982583,부산광역시 수영구 광안해변로 314,True,0.026052104208416832,430000000.0,16721659.203393824,0.1053984575835476,-0.012499999999999956,-0.1542553191489362,515000000.0,-0.16504854368932043,279000000.0,0.5412186379928314,3.0,False,6.0,True,True,시장회복 관찰대상
A61381602,남천동원로얄듀크,수영구,남천동,490,부산광역시,26500,busan,부산,BUSAN,부산광역시,BUSAN_CORE,True,False,422.0,2000-05-04,26,716.0,1.6966824644549763,6.0,14.0,24.0,4,35.1422136267472,129.103289894918,부산광역시 수영구 황령대로 431,True,0.05687203791469194,512500000.0,19915803.108808286,0.04591836734693877,0.020000000000000018,0.0736842105263158,690000000.0,-0.26086956521739135,377000000.0,0.3527851458885942,7.0,False,10.0,True,True,시장회복 관찰대상
A61409301,백양산월드메르디앙,부산진구,부암동,730,부산광역시,26230,busan,부산,BUSAN,부산광역시,BUSAN_CORE,True,False,315.0,2006-04-27,20,327.0,1.0380952380952382,4.0,10.0,17.0,2,35.1735758589088,129.032257647645,부산광역시 부산진구 백양산로 36,True,0.05396825396825397,261750000.0,10168387.149178723,-0.0028571428571428914,0.0,-0.02777777777777779,360000000.0,-0.2513888888888889,252500000.0,0.06732673267326739,9.0,False,7.0,True,True,시장회복 관찰대상
A61411303,성도,부산진구,개금동,10,부산광역시,26230,busan,부산,BUSAN,부산광역시,BUSAN_CORE,True,False,296.0,1992-02-13,34,270.0,0.9121621621621622,1.0,4.0,7.0,2,35.1603921594073,129.02334512675,부산광역시 부산진구 개금본동로22번길 31,True,0.02364864864864865,131000000.0,5115976.331360946,0.19090909090909092,-0.12727272727272732,-0.0490018148820327,167500000.0,-0.21791044776119406,100000000.0,0.31000000000000005,3.0,False,3.0,True,True,시장회복 관찰대상
A61477105,개금아이파크,부산진구,개금동,618-2,부산광역시,26230,busan,부산,BUSAN,부산광역시,BUSAN_CORE,True,False,1424.0,2002-06-28,24,1673.0,1.1748595505617978,10.0,24.0,47.0,5,35.1474573442981,129.019633646689,부산광역시 부산진구 복지로 70,True,0.03300561797752809,297500000.0,11551358.983409813,0.011045029736618472,0.02586206896551735,0.02327586206896548,380000000.0,-0.2210526315789474,250000000.0,0.18399999999999994,9.0,False,23.0,True,True,시장회복 관찰대상
A61477304,서면세종그랑시아,부산진구,전포동,880-1,부산광역시,26230,busan,부산,BUSAN,부산광역시,BUSAN_CORE,True,False,290.0,2009-10-19,16,412.0,1.4206896551724137,6.0,8.0,15.0,2,35.1518183481782,129.064203905912,부산광역시 부산진구 전포대로171번길 12,True,0.05172413793103448,386750000.0,15067307.425980024,0.09716312056737597,0.06178977272727271,-0.013513513513513487,455000000.0,-0.14065934065934071,295000000.0,0.3254237288135593,8.0,False,7.0,True,True,시장회복 관찰대상
A61480906,현대,부산진구,개금동,19-2,부산광역시,26230,busan,부산,BUSAN,부산광역시,BUSAN_CORE,True,False,450.0,1992-12-30,33,217.0,0.4822222222222222,3.0,8.0,12.0,2,35.1599312043252,129.022396030521,부산광역시 부산진구 개금본동로 34,True,0.02666666666666667,170500000.0,6623697.686738478,0.06562500000000004,0.15172413793103456,-0.09503546099290783,225000000.0,-0.2577777777777778,133000000.0,0.255639097744361,6.0,False,4.0,True,True,시장회복 관찰대상
A61609206,유림노르웨이숲,북구,구포동,1293,부산광역시,26320,busan,부산,BUSAN,부산광역시,BUSAN_CORE,True,False,1176.0,2005-06-15,21,1223.0,1.0399659863945578,8.0,23.0,45.0,4,35.1962431039498,129.002991484837,부산광역시 북구 낙동북로 737,True,0.03826530612244898,238250000.0,9258975.751016606,0.11592505854800939,-0.1216216216216216,-0.07999999999999996,267000000.0,-0.1460674157303371,182000000.0,0.25274725274725274,4.0,False,22.0,True,True,시장회복 관찰대상
A61673303,화명대우,북구,화명동,752,부산광역시,26320,busan,부산,BUSAN,부산광역시,BUSAN_CORE,True,False,316.0,2000-03-25,26,451.0,1.4272151898734178,2.0,6.0,10.0,3,35.2342271642497,129.019249112682,부산광역시 북구 화명대로 104,True,0.03164556962025317,297000000.0,11293166.027169967,0.00592718035563089,-0.11865671641791042,0.05176991150442478,362000000.0,-0.17403314917127077,240000000.0,0.24583333333333335,4.0,False,4.0,True,True,시장회복 관찰대상
A61777903,덕포경동메르빌,사상구,덕포동,793,부산광역시,26530,busan,부산,BUSAN,부산광역시,BUSAN_CORE,True,False,517.0,2013-06-25,13,577.0,1.11605415860735,1.0,11.0,19.0,2,35.1709535797598,128.990175265967,부산광역시 사상구 덕상로 8-37,True,0.0367504835589942,265000000.0,10618585.74280316,-0.016697588126159513,-0.011029411764705843,0.011257035647279645,325000000.0,-0.18461538461538463,240000000.0,0.10416666666666674,4.0,False,8.0,True,True,시장회복 관찰대상
A61996111,정관2차동원로얄듀크,기장군,정관읍매학리,723,부산광역시,26710,busan,부산,BUSAN,부산광역시,BUSAN_GIJANG,True,False,1249.0,2013-08-26,13,1297.0,1.0384307445956766,8.0,26.0,51.0,2,35.3194888818563,129.174541443359,부산광역시 기장군 정관5로 12,True,0.04083266613290633,365125000.0,14175570.591353292,0.038762446657183425,0.0257142857142858,0.0021216407355020284,470000000.0,-0.22606382978723405,266250000.0,0.3661971830985915,18.0,False,25.0,True,True,시장회복 관찰대상
A62107006,화정마을부영2차,김해시,삼계동,1439-2,경상남도,48250,gimhae,김해,GYEONGNAM,김해시,GIMHAE,False,True,570.0,2002-09-28,24,664.0,1.1649122807017545,8.0,11.0,15.0,1,35.2650922623509,128.86850527371,경상남도 김해시 삼계로 239,True,0.02631578947368421,168500000.0,6543196.511236576,0.06309148264984232,0.015060240963855387,-0.017492711370262426,210000000.0,-0.26190476190476186,148000000.0,0.04729729729729737,11.0,False,4.0,True,True,시장회복 관찰대상
A62107007,화정마을1단지,김해시,삼계동,1439-1,경상남도,48250,gimhae,김해,GYEONGNAM,김해시,GIMHAE,False,True,612.0,2003-06-25,23,617.0,1.0081699346405228,4.0,9.0,17.0,1,35.2661685743623,128.865590134993,경상남도 김해시 삼계로 253,True,0.027777777777777776,167500000.0,6504364.484463659,-0.016152716593245242,-0.06685236768802227,-0.008498583569405138,220000000.0,-0.24545454545454548,159500000.0,0.040752351097178785,9.0,False,8.0,True,True,시장회복 관찰대상
A62107010,삼계이안,김해시,삼계동,610,경상남도,48250,gimhae,김해,GYEONGNAM,김해시,GIMHAE,False,True,856.0,2007-11-23,18,1253.0,1.463785046728972,6.0,17.0,29.0,2,35.2742109324068,128.867719778143,경상남도 김해시 해반천로278번길 12-27,True,0.03387850467289719,225500000.0,8759621.575872578,-0.03426124197002145,-0.027083333333333348,0.03200883002207511,292000000.0,-0.2568493150684932,210000000.0,0.03333333333333344,11.0,False,12.0,True,True,시장회복 관찰대상
A62175901,일동미라주,김해시,구산동,1074,경상남도,48250,gimhae,김해,GYEONGNAM,김해시,GIMHAE,False,True,596.0,2013-06-13,13,603.0,1.011744966442953,7.0,16.0,27.0,2,35.2539473635848,128.865863695523,경상남도 김해시 김해대로1902번길 30,True,0.04530201342281879,259500000.0,10129117.11617938,0.2069767441860466,-0.019230769230769273,0.030876494023904355,320000000.0,-0.17500000000000004,215000000.0,0.22790697674418614,5.0,False,11.0,True,True,시장회복 관찰대상
A62180009,중흥에스-클래스진영2단지,김해시,진영읍진영리,1611-4,경상남도,48250,gimhae,김해,GYEONGNAM,김해시,GIMHAE,False,True,630.0,2006-01-27,20,652.0,1.034920634920635,6.0,16.0,24.0,2,35.3085571237773,128.732569419523,경상남도 김해시 장등로19번길 18,True,0.0380952380952381,190000000.0,7379856.64010546,0.027027027027026973,-0.09200968523002417,-0.04938271604938271,253000000.0,-0.2964426877470355,164000000.0,0.08536585365853666,15.0,False,8.0,True,True,시장회복 관찰대상
A62183118,율곡마을세영리첼,김해시,관동동,1051,경상남도,48250,gimhae,김해,GYEONGNAM,김해시,GIMHAE,False,True,348.0,2009-01-08,17,387.0,1.1120689655172413,2.0,7.0,13.0,1,35.1769255595838,128.804328140413,경상남도 김해시 덕정로 187,True,0.03735632183908046,226250000.0,8784743.34371481,0.06046402624794944,0.010259433962264142,-0.019643882825962078,277500000.0,-0.18468468468468469,163500000.0,0.38379204892966357,7.0,False,6.0,True,True,시장회복 관찰대상
A62183316,월산마을12단지부영2차,김해시,부곡동,806-3,경상남도,48250,gimhae,김해,GYEONGNAM,김해시,GIMHAE,False,True,335.0,2001-12-22,24,356.0,1.0626865671641792,3.0,9.0,16.0,1,35.2052947326467,128.805609281467,경상남도 김해시 월산로 82-55,True,0.04776119402985075,155125000.0,6339677.810059519,0.10409252669039137,0.03136200716845883,-0.04500000000000004,215000000.0,-0.2325581395348837,115000000.0,0.4347826086956521,9.0,False,7.0,True,True,시장회복 관찰대상
A62190108,한라비발디,김해시,구산동,576,경상남도,48250,gimhae,김해,GYEONGNAM,김해시,GIMHAE,False,True,749.0,2007-07-31,19,1120.0,1.4953271028037383,7.0,12.0,22.0,2,35.2548449717301,128.872097266542,경상남도 김해시 가락로332번길 13,True,0.029372496662216287,302250000.0,11736897.225294769,0.11944444444444446,0.03571428571428581,-0.07766990291262132,375000000.0,-0.22666666666666668,240000000.0,0.20833333333333326,7.0,False,10.0,True,True,시장회복 관찰대상
A62190501,김해내외2차동아,김해시,내동,1125-3,경상남도,48250,gimhae,김해,GYEONGNAM,김해시,GIMHAE,False,True,324.0,1998-06-13,28,354.0,1.0925925925925926,6.0,8.0,14.0,3,35.2381930632146,128.865930529717,경상남도 김해시 경원로55번길 9,True,0.043209876543209874,263500000.0,10231203.67102012,0.07551020408163267,0.0652173913043479,-0.012396694214875992,293500000.0,-0.18909710391822832,200000000.0,0.18999999999999995,3.0,False,6.0,True,True,시장회복 관찰대상
A62681302,경민,양산시,물금읍범어리,682-3,경상남도,48330,yangsan,양산,GYEONGNAM,양산시,YANGSAN,False,True,210.0,1994-10-31,31,221.0,1.0523809523809524,1.0,4.0,6.0,2,35.3331670031792,129.009195683571,경상남도 양산시 황산로 707,True,0.02857142857142857,160000000.0,6229353.468617272,-0.027355623100303927,-0.0817790530846485,0.1428571428571428,225500000.0,-0.2904656319290465,125000000.0,0.28,3.0,False,2.0,True,True,시장회복 관찰대상
A62681415,효성백년가약,양산시,물금읍범어리,2676-13,경상남도,48330,yangsan,양산,GYEONGNAM,양산시,YANGSAN,False,True,832.0,2007-11-15,18,1002.0,1.2043269230769231,11.0,21.0,37.0,4,35.3306613740366,129.013845426657,경상남도 양산시 범어로 33,True,0.04447115384615385,287500000.0,11163209.356504958,0.00877192982456143,-0.010344827586206917,0.00877192982456143,351000000.0,-0.18091168091168086,238500000.0,0.20545073375262057,11.0,False,16.0,True,True,시장회복 관찰대상
TRADE_45E83CD82A76,태성캐슬,북구,구포동,1297,부산광역시,26320,busan,부산,BUSAN,부산광역시,BUSAN_CORE,True,False,,,,,,2.0,5.0,8.0,1,,,,True,,250000000.0,9714808.547618458,0.079913606911447,0.017316017316017396,-0.02083333333333337,295000000.0,-0.15254237288135597,210000000.0,0.19047619047619047,5.0,False,3.0,True,True,시장회복 관찰대상
TRADE_74D5A8D1F00B,더킹스카이,김해시,서상동,152-18,경상남도,48250,gimhae,김해,GYEONGNAM,김해시,GIMHAE,False,True,,,,,,2.0,4.0,5.0,2,,,,True,,283500000.0,11009830.019155568,0.09713622291021662,0.010357142857142954,,362500000.0,-0.22206896551724142,233000000.0,0.2103004291845494,4.0,False,1.0,True,True,시장회복 관찰대상
TRADE_949151F3E7EF,대청천경동리인뷰,김해시,신문동,1522,경상남도,48250,gimhae,김해,GYEONGNAM,김해시,GIMHAE,False,True,,,,,,4.0,23.0,43.0,3,,,,True,,389500000.0,15138470.453276673,-0.026249999999999996,-0.033232628398791486,0.004932182490752224,450000000.0,-0.13444444444444448,373500000.0,0.04283801874163329,19.0,False,20.0,True,True,시장회복 관찰대상
TRADE_BDDCBC70105C,쌍용더플래티넘김해,김해시,외동,1428,경상남도,48250,gimhae,김해,GYEONGNAM,김해시,GIMHAE,False,True,,,,,,1.0,7.0,13.0,2,,,,True,,300000000.0,11653036.145599388,0.008403361344537785,0.044580419580419584,-0.00335008375209378,450000000.0,-0.33333333333333337,283000000.0,0.060070671378091856,7.0,False,6.0,True,True,시장회복 관찰대상
