kapt_code,area_group_id,exclusive_area_sqm,supply_area_sqm,type_name,households,source,verified_at,valid_from,valid_to,verification_status,scope,notes
A10024328,,,,,,,,,,pending,unknown,동대신역비스타동원아파트
A10024875,,,,,,,,,,pending,unknown,동대신동 브라운스톤하이포레아파트
A10026034,,,,,,,,,,pending,unknown,대신푸르지오아파트
A10023704,,,,,,,,,,pending,unknown,대신해모로센트럴아파트
A10024535,,,,,,,,,,pending,unknown,대신2차푸르지오
A10028182,,,,,,,,,,pending,unknown,대신롯데캐슬아파트
A60275104,,,,,,,,,,pending,unknown,남성한빛아파트
A60270501,,,,,,,,,,pending,unknown,부민e-편한세상아파트
A10022985,,,,,,,,,,pending,unknown,경동포레스트힐 행복주택 아미
A60275201,,,,,,,,,,pending,unknown,남부민풀리페
A10022434,,,,,,,,,,pending,unknown,e편한세상 송도 더퍼스트비치
A10023790,,,,,,,,,,pending,unknown,힐스테이트이진베이시티
A10024998,,,,,,,,,,pending,unknown,범양레우스 센트럴베이
A10025359,,,,,,,,,,pending,unknown,e편한세상부산항
A10025380,,,,,,,,,,pending,unknown,협성휴포레부산진역오션뷰아파트
A10023963,,,,,,,,,,pending,unknown,부산항일동미라주더오션아파트
A10023208,,,,,,,,,,pending,unknown,두산위브더제니스 하버시티
A10026746,,,,,,,,,,pending,unknown,오션브릿지
A60106001,,,,,,,,,,pending,unknown,한성기린프라자
A60106002,,,,,,,,,,pending,unknown,두산위브포세이돈Ⅱ
A60681702,,,,,,,,,,pending,unknown,영선동반도보라아파트
A60675801,,,,,,,,,,pending,unknown,미광마린타워아파트
A10024303,,,,,,,,,,pending,unknown,영도 센트럴 에일린의뜰
A60607003,,,,,,,,,,pending,unknown,신영도롯데낙천대
A60607004,,,,,,,,,,pending,unknown,청학영도신도브래뉴
A10022267,,,,,,,,,,pending,unknown,오션라이프에일린의 뜰
A10023837,,,,,,,,,,pending,unknown,부산오션시티푸르지오
A60608002,,,,,,,,,,pending,unknown,조양비취맨션
A60608303,,,,,,,,,,pending,unknown,동삼그린힐
A60670101,,,,,,,,,,pending,unknown,도시공사동삼2지구영구임대아파트
A60675110,,,,,,,,,,pending,unknown,함지그린
A60676104,,,,,,,,,,pending,unknown,부산동삼1
A60676205,,,,,,,,,,pending,unknown,부산동삼2주공
A60680909,,,,,,,,,,pending,unknown,국제마마뉴비치
A60680912,,,,,,,,,,pending,unknown,절영아파트
A10020870,,,,,,,,,,pending,unknown,양정자이더샵SKVIEW
A10023040,,,,,,,,,,pending,unknown,양정 포레힐즈 스위첸
A61475403,,,,,,,,,,pending,unknown,양정현대1차아파트
A61479104,,,,,,,,,,pending,unknown,양정현대2차아파트
A61479902,,,,,,,,,,pending,unknown,대원칸타빌멤버스
A10023625,,,,,,,,,,pending,unknown,e편한세상 시민공원 아파트
A10024602,,,,,,,,,,pending,unknown,서면아이파크아파트
A10025901,,,,,,,,,,pending,unknown,부산전포동 사랑으로 부영아파트
A10027340,,,,,,,,,,pending,unknown,전포LH아파트
A61404006,,,,,,,,,,pending,unknown,서면한신
A61404007,,,,,,,,,,pending,unknown,서면롯데캐슬스카이
A61404203,,,,,,,,,,pending,unknown,서면대우디오빌2
A61477302,,,,,,,,,,pending,unknown,서면유림노르웨이아침
A61486301,,,,,,,,,,pending,unknown,한라비발디
A61403001,,,,,,,,,,pending,unknown,서면센트럴스타
A61473002,,,,,,,,,,pending,unknown,네오스포아파트
A10023750,,,,,,,,,,pending,unknown,e편한세상 서면 더센트럴
A10027052,,,,,,,,,,pending,unknown,서면DS·협성엘리시안아파트
A61402003,,,,,,,,,,pending,unknown,서면베르빌2
A61476002,,,,,,,,,,pending,unknown,범천경남아파트
A61476004,,,,,,,,,,pending,unknown,범천LH
A61483202,,,,,,,,,,pending,unknown,서면e-편한세상
A10025540,,,,,,,,,,pending,unknown,삼한골든뷰센트럴파크
A10023616,,,,,,,,,,pending,unknown,래미안 어반파크
A61478807,,,,,,,,,,pending,unknown,화인연지아파트
A61478901,,,,,,,,,,pending,unknown,연지자이2차
A61485906,,,,,,,,,,pending,unknown,연지2차청구아파트
A61486005,,,,,,,,,,pending,unknown,연지자이1차아파트
A61486008,,,,,,,,,,pending,unknown,세동한신아파트
A10022574,,,,,,,,,,pending,unknown,초읍하늘채포레스원아파트
A10024953,,,,,,,,,,pending,unknown,포레나부산초읍
A10020721,,,,,,,,,,pending,unknown,백양산서희스타힐스(백양산서희스타힐스)
A10022844,,,,,,,,,,pending,unknown,롯데캐슬라센트
A10026861,,,,,,,,,,pending,unknown,서면동일파크스위트3차아파트
A10028147,,,,,,,,,,pending,unknown,서면동일파크스위트1차아파트
A61409002,,,,,,,,,,pending,unknown,서면쌍용스윗닷홈스카이
A61409003,,,,,,,,,,pending,unknown,일성in4아파트
A61409004,,,,,,,,,,pending,unknown,타워베르빌
A61409005,,,,,,,,,,pending,unknown,서면동문굿모닝힐
A61409302,,,,,,,,,,pending,unknown,당감뜨란채아파트
A61479403,,,,,,,,,,pending,unknown,백양산쌍용스윗닷홈아파트
A61484004,,,,,,,,,,pending,unknown,협성피닉스아파트
A61484005,,,,,,,,,,pending,unknown,화승삼성아파트
A10023021,,,,,,,,,,pending,unknown,서면 비스타동원
A10025434,,,,,,,,,,pending,unknown,서면2차 봄여름가을겨울아파트
A61410304,,,,,,,,,,pending,unknown,서면삼익아파트
A61475202,,,,,,,,,,pending,unknown,태화현대1차아파트
A61475903,,,,,,,,,,pending,unknown,태화현대2차아파트
A61477806,,,,,,,,,,pending,unknown,국제백양아파트
A61479605,,,,,,,,,,pending,unknown,당감동일스위트아파트
A61482207,,,,,,,,,,pending,unknown,개금주공3단지아파트
A61482302,,,,,,,,,,pending,unknown,백양뜨란채아파트
A61482303,,,,,,,,,,pending,unknown,백양푸른채
A10020213,,,,,,,,,,pending,unknown,가야역롯데캐슬스카이엘아파트
A10023627,,,,,,,,,,pending,unknown,가야롯데캐슬 골드아너
A61476403,,,,,,,,,,pending,unknown,가야벽산아파트
A61479502,,,,,,,,,,pending,unknown,가야반도보라빌
A10023409,,,,,,,,,,pending,unknown,이진젠시티
A10026363,,,,,,,,,,pending,unknown,금강펜테리움 더 스퀘어
A61475512,,,,,,,,,,pending,unknown,개금주공2단지
A61477009,,,,,,,,,,pending,unknown,개금우드빌
A61477105,,,,,,,,,,pending,unknown,개금아이파크
A61477403,,,,,,,,,,pending,unknown,개금시영아파트
A61480908,,,,,,,,,,pending,unknown,동원화인패밀리타운
A61480910,,,,,,,,,,pending,unknown,개금2지구도개공임대아파트
A61481111,,,,,,,,,,pending,unknown,신개금LG아파트
A10025342,,,,,,,,,,pending,unknown,e편한세상동래명장
A10026360,,,,,,,,,,pending,unknown,동래동일스위트
A10027972,,,,,,,,,,pending,unknown,안락경동리인아파트
A60710004,,,,,,,,,,pending,unknown,안락뜨란채2단지아파트
A60777205,,,,,,,,,,pending,unknown,안락1차SK아파트
A60777206,,,,,,,,,,pending,unknown,부산안락4휴먼시아
A60777604,,,,,,,,,,pending,unknown,안락현대아파트
A60778502,,,,,,,,,,pending,unknown,강변뜨란채
A60782701,,,,,,,,,,pending,unknown,동래화목타운
A10025662,,,,,,,,,,pending,unknown,포레나동래아파트
A60775407,,,,,,,,,,pending,unknown,동원로얄듀크
A60775605,,,,,,,,,,pending,unknown,동래우성아파트
A60776006,,,,,,,,,,pending,unknown,동래한양아파트
A60780104,,,,,,,,,,pending,unknown,중앙하이츠2차아파트
A60780108,,,,,,,,,,pending,unknown,낙민한일유앤아이
A60702002,,,,,,,,,,pending,unknown,우성베스토피아아파트
A10023781,,,,,,,,,,pending,unknown,힐스테이트 명륜 트라디움
A10025687,,,,,,,,,,pending,unknown,명륜자이
A10027690,,,,,,,,,,pending,unknown,명륜2차아이파크아파트
A60701003,,,,,,,,,,pending,unknown,동래센트럴파크하이츠2단지
A60701004,,,,,,,,,,pending,unknown,명륜아이파크
A10022002,,,,,,,,,,pending,unknown,래미안포레스티지
A10023417,,,,,,,,,,pending,unknown,더샵 동래
A10023975,,,,,,,,,,pending,unknown,동래래미안아이파크아파트
A10024005,,,,,,,,,,pending,unknown,동래3차 SK VIEW 아파트
A10025463,,,,,,,,,,pending,unknown,동래효성해링턴플레이스
A10026316,,,,,,,,,,pending,unknown,동래삼정그린코아포레스트
A60775306,,,,,,,,,,pending,unknown,동래럭키아파트
A60783306,,,,,,,,,,pending,unknown,벽산 아스타
A60784207,,,,,,,,,,pending,unknown,온천동반도보라스카이뷰
A10022591,,,,,,,,,,pending,unknown,사직 하늘채 리센티아
A10024982,,,,,,,,,,pending,unknown,쌍용 더 플래티넘 사직 아시아드
A10027054,,,,,,,,,,pending,unknown,사직롯데캐슬더클래식
A10027341,,,,,,,,,,pending,unknown,사직KCC스위첸
A60712001,,,,,,,,,,pending,unknown,사직2차삼정그린코아
A60712204,,,,,,,,,,pending,unknown,사직한신아파트
A60776402,,,,,,,,,,pending,unknown,사직2차쌍용예가
A60778608,,,,,,,,,,pending,unknown,사직쌍용예가
A60782005,,,,,,,,,,pending,unknown,사직삼정그린코아아파트
A10022847,,,,,,,,,,pending,unknown,더비치푸르지오써밋
A10022999,,,,,,,,,,pending,unknown,대연푸르지오클라센트
A10025593,,,,,,,,,,pending,unknown,대연자이 아파트
A10026094,,,,,,,,,,pending,unknown,대연sk뷰힐스아파트
A10026184,,,,,,,,,,pending,unknown,대연파크푸르지오아파트
A10026452,,,,,,,,,,pending,unknown,대연롯데캐슬레전드
A10028145,,,,,,,,,,pending,unknown,대연롯데캐슬
A60802001,,,,,,,,,,pending,unknown,대연힐스테이트푸르지오
A60874408,,,,,,,,,,pending,unknown,대연동푸르지오
A60875509,,,,,,,,,,pending,unknown,대우그린아파트
A60877710,,,,,,,,,,pending,unknown,삼익그린타운
A60877907,,,,,,,,,,pending,unknown,대연청구아파트
A10023436,,,,,,,,,,pending,unknown,데시앙해링턴플레이스파크시티
A10026391,,,,,,,,,,pending,unknown,W 아파트
A60809002,,,,,,,,,,pending,unknown,GS하이츠자이
A60809003,,,,,,,,,,pending,unknown,오륙도SK VIEW
A60809004,,,,,,,,,,pending,unknown,LG메트로시티아파트
A60876301,,,,,,,,,,pending,unknown,용호일신프리빌리지
A60876402,,,,,,,,,,pending,unknown,현대비치아파트
A60883203,,,,,,,,,,pending,unknown,일신-님Ⅱ아파트
A61202008,,,,,,,,,,pending,unknown,쌍용예가
A60871104,,,,,,,,,,pending,unknown,용당현대I-PARK
A60883003,,,,,,,,,,pending,unknown,신대연코오롱하늘채아파트
A10020004,,,,,,,,,,pending,unknown,롯데캐슬 인피니엘
A10023533,,,,,,,,,,pending,unknown,오션파라곤
A10023872,,,,,,,,,,pending,unknown,대연양우내안애 아파트
A10024704,,,,,,,,,,pending,unknown,문현경동리인
A10025508,,,,,,,,,,pending,unknown,문현베스티움아파트
A60804003,,,,,,,,,,pending,unknown,문현동삼성아파트
A60872101,,,,,,,,,,pending,unknown,대림문현시티프라자
A60879704,,,,,,,,,,pending,unknown,문현현대아파트
A10020289,,,,,,,,,,pending,unknown,두산위브더제니스 오션시티 
A60877107,,,,,,,,,,pending,unknown,우암일신보라
A60875305,,,,,,,,,,pending,unknown,감만현대1차아파트
A60880104,,,,,,,,,,pending,unknown,감만동일스위트아파트
A10027989,,,,,,,,,,pending,unknown,신화명리버뷰자이아파트
A10028138,,,,,,,,,,pending,unknown,동원역삼정그린코아
A61673902,,,,,,,,,,pending,unknown,율리벽산블루밍
A61674824,,,,,,,,,,pending,unknown,부산율리마을
A61674912,,,,,,,,,,pending,unknown,화명뜨란채
A61676006,,,,,,,,,,pending,unknown,금곡한솔아파트
A61676118,,,,,,,,,,pending,unknown,금곡주공1단지
A61676215,,,,,,,,,,pending,unknown,금곡주공2단지
A61676316,,,,,,,,,,pending,unknown,금곡주공3단지아파트
A61676422,,,,,,,,,,pending,unknown,금곡주공4단지
A61676509,,,,,,,,,,pending,unknown,금곡주공5단지아파트
A61676605,,,,,,,,,,pending,unknown,금곡주공6단지아파트
A61676723,,,,,,,,,,pending,unknown,금곡주공7단지
A61676814,,,,,,,,,,pending,unknown,금곡9단지주공
A61677013,,,,,,,,,,pending,unknown,화명한일유앤아이
A61681107,,,,,,,,,,pending,unknown,금곡화목타운
A61681108,,,,,,,,,,pending,unknown,금곡조성협진아파트
A61684110,,,,,,,,,,pending,unknown,화명리버빌2차아파트
A10024341,,,,,,,,,,pending,unknown,화명푸르지오헤리센트
A10027790,,,,,,,,,,pending,unknown,e편한세상 화명힐스 아파트
A61612010,,,,,,,,,,pending,unknown,화명2차현대아파트
A61612011,,,,,,,,,,pending,unknown,화명대우이안아파트
A61612013,,,,,,,,,,pending,unknown,화명코오롱하늘채1차아파트
A61612016,,,,,,,,,,pending,unknown,화명수정강변타운
A61612017,,,,,,,,,,pending,unknown,대림쌍용강변타운
A61612018,,,,,,,,,,pending,unknown,화명롯데낙천대
A61612019,,,,,,,,,,pending,unknown,화명대림타운
A61673302,,,,,,,,,,pending,unknown,삼한힐파크아파트
A61673304,,,,,,,,,,pending,unknown,화명동원로얄듀크
A61673305,,,,,,,,,,pending,unknown,화명유림아파트
A61673308,,,,,,,,,,pending,unknown,화명롯데캐슬카이저
A61679206,,,,,,,,,,pending,unknown,벽산강변타운아파트
A61679207,,,,,,,,,,pending,unknown,도시화명그린(21B)아파트
A61679208,,,,,,,,,,pending,unknown,화명경남아너스빌
A61683305,,,,,,,,,,pending,unknown,그린숲속(화명그린24)
A61685214,,,,,,,,,,pending,unknown,화명코오롱하늘채2차
A10023725,,,,,,,,,,pending,unknown,백양산 베스티움에코포레
A10024318,,,,,,,,,,pending,unknown,e편한세상 금정산 아파트
A10025235,,,,,,,,,,pending,unknown,더래디언트금정산
A10027832,,,,,,,,,,pending,unknown,백양디이스트
A61673103,,,,,,,,,,pending,unknown,신만덕쌍용예가
A61675601,,,,,,,,,,pending,unknown,만덕 상록한신휴플러스아파트
A61675806,,,,,,,,,,pending,unknown,만덕삼성아파트
A61678209,,,,,,,,,,pending,unknown,만덕그린코아아파트
A61678706,,,,,,,,,,pending,unknown,럭키만덕1차아파트
A61678804,,,,,,,,,,pending,unknown,럭키만덕2차아파트
A61679609,,,,,,,,,,pending,unknown,부산만덕3단지 주공아파트
A61682607,,,,,,,,,,pending,unknown,만덕대성타워
A61682907,,,,,,,,,,pending,unknown,만덕동원
A61682908,,,,,,,,,,pending,unknown,벽산라인타운 아파트
A10022905,,,,,,,,,,pending,unknown,포레나부산덕천2차
A10023684,,,,,,,,,,pending,unknown,포레나부산덕천아파트
A61610003,,,,,,,,,,pending,unknown,덕천동롯데아파트
A61670501,,,,,,,,,,pending,unknown,덕천삼정그린코아
A61677404,,,,,,,,,,pending,unknown,덕천주공2단지
A61677608,,,,,,,,,,pending,unknown,기비골마을아파트
A61681409,,,,,,,,,,pending,unknown,부산도시공사 덕천2지구 아파트
A61682303,,,,,,,,,,pending,unknown,덕천주공1단지아파트
A10024201,,,,,,,,,,pending,unknown,리버파크반도유보라
A61609002,,,,,,,,,,pending,unknown,동원로얄듀크비스타
A61609206,,,,,,,,,,pending,unknown,구포유림노르웨이숲
A61680705,,,,,,,,,,pending,unknown,구포삼정그린코아아파트
A61680707,,,,,,,,,,pending,unknown,구포현대아파트
A61273009,,,,,,,,,,pending,unknown,부산도시공사 반송영구임대아파트
A61273306,,,,,,,,,,pending,unknown,벽산삼협한솔
A61273507,,,,,,,,,,pending,unknown,반송삼한2차
A61273609,,,,,,,,,,pending,unknown,부산반송주공
A61280805,,,,,,,,,,pending,unknown,삼한그린타운1차아파트
A10022405,,,,,,,,,,pending,unknown,드파인센텀아파트
A10023647,,,,,,,,,,pending,unknown,센텀KCC스위첸아파트
A10024249,,,,,,,,,,pending,unknown,센텀트루엘 아파트
A61206110,,,,,,,,,,pending,unknown,센텀롯데캐슬3차
A61206113,,,,,,,,,,pending,unknown,우방신세계타운아파트
A61206114,,,,,,,,,,pending,unknown,센텀롯데캐슬2차
A61206118,,,,,,,,,,pending,unknown,메가센텀꿈에그린아파트
A61270515,,,,,,,,,,pending,unknown,센텀롯데캐슬
A61271919,,,,,,,,,,pending,unknown,아시아선수촌아파트
A61272011,,,,,,,,,,pending,unknown,반여현대그린아파트
A61279802,,,,,,,,,,pending,unknown,일동미라주
A61279804,,,,,,,,,,pending,unknown,센텀SK뷰
A61281117,,,,,,,,,,pending,unknown,센텀대림
A10026557,,,,,,,,,,pending,unknown,센텀리슈빌 아파트
A61205002,,,,,,,,,,pending,unknown,센텀동부센트레빌아파트
A61205003,,,,,,,,,,pending,unknown,더샵센텀스타
A61271204,,,,,,,,,,pending,unknown,더샵센텀파크1차
A61271302,,,,,,,,,,pending,unknown,더샵센텀파크2차
A61274815,,,,,,,,,,pending,unknown,센텀(재송)삼익
A61278214,,,,,,,,,,pending,unknown,센텀우신골든빌
A61281512,,,,,,,,,,pending,unknown,센텀피오레1차
A61283211,,,,,,,,,,pending,unknown,재송그린
A61283410,,,,,,,,,,pending,unknown,센텀동국아파트
A61286403,,,,,,,,,,pending,unknown,센텀이편한세상
A10022568,,,,,,,,,,pending,unknown,해운대 경동리인뷰2차
A10023542,,,,,,,,,,pending,unknown,해운대센트럴푸르지오
A10025214,,,,,,,,,,pending,unknown,해운대비스타동원
A10026484,,,,,,,,,,pending,unknown,해운대 자이2차
A61202004,,,,,,,,,,pending,unknown,트럼프월드센텀
A61202007,,,,,,,,,,pending,unknown,해운대두산위브더제니스
A61202009,,,,,,,,,,pending,unknown,해운대자이
A61202011,,,,,,,,,,pending,unknown,해운대센텀두산위브
A61271101,,,,,,,,,,pending,unknown,센텀삼환아파트
A61274011,,,,,,,,,,pending,unknown,경남마리나아파트
A61274013,,,,,,,,,,pending,unknown,해운대아이파크
A61274114,,,,,,,,,,pending,unknown,경동마리나아파트
A61274213,,,,,,,,,,pending,unknown,해운대롯데아파트
A61274508,,,,,,,,,,pending,unknown,동부올림픽아파트
A61274707,,,,,,,,,,pending,unknown,삼호가든아파트
A61278912,,,,,,,,,,pending,unknown,대우마리나3차아파트
A61282215,,,,,,,,,,pending,unknown,"대우마리나1,2차아파트"
A61282705,,,,,,,,,,pending,unknown,센텀센시빌구새한센시빌
A61286810,,,,,,,,,,pending,unknown,해운대반도보라빌
A10024591,,,,,,,,,,pending,unknown,해운대 롯데캐슬 스타 아파트
A10025181,,,,,,,,,,pending,unknown,해운대 LCT 더샵아파트
A10028037,,,,,,,,,,pending,unknown,해운대힐스테이트위브
A61201007,,,,,,,,,,pending,unknown,롯데캐슬마린
A61288603,,,,,,,,,,pending,unknown,래미안해운대
A61203012,,,,,,,,,,pending,unknown,해운대영남아파트
A61203013,,,,,,,,,,pending,unknown,두산2차아파트
A61203014,,,,,,,,,,pending,unknown,경남아너스빌
A61203015,,,,,,,,,,pending,unknown,해운대한일아파트
A61203016,,,,,,,,,,pending,unknown,해운대동신아파트
A61203017,,,,,,,,,,pending,unknown,해운대동부아파트
A61203018,,,,,,,,,,pending,unknown,해운대대림2차아파트
A61203019,,,,,,,,,,pending,unknown,해운대삼성아파트
A61203020,,,,,,,,,,pending,unknown,해운대LIG건영아파트
A61203021,,,,,,,,,,pending,unknown,해운대센트럴파크아파트
A61203022,,,,,,,,,,pending,unknown,해운대롯데3차아파트
A61203023,,,,,,,,,,pending,unknown,해운대롯데4차아파트
A61203024,,,,,,,,,,pending,unknown,대우1차아파트
A61203025,,,,,,,,,,pending,unknown,해운대벽산1차아파트
A61203026,,,,,,,,,,pending,unknown,해운대 화목타운
A61203027,,,,,,,,,,pending,unknown,LH뜨란채아파트
A61203028,,,,,,,,,,pending,unknown,코오롱아파트
A61203029,,,,,,,,,,pending,unknown,해운대건영2차아파트
A61203031,,,,,,,,,,pending,unknown,해운대상록아파트
A61203032,,,,,,,,,,pending,unknown,해운대대우2차아파트
A61203033,,,,,,,,,,pending,unknown,해운대벽산2차아파트
A61203034,,,,,,,,,,pending,unknown,해운대대동타운아파트
A61203035,,,,,,,,,,pending,unknown,경남선경아파트
A61203036,,,,,,,,,,pending,unknown,두산1차
A61203037,,,,,,,,,,pending,unknown,대림1차아파트
A61203038,,,,,,,,,,pending,unknown,SKVIEW아파트
A61203039,,,,,,,,,,pending,unknown,해운대LG아파트
A61275302,,,,,,,,,,pending,unknown,해운대현대
A61204001,,,,,,,,,,pending,unknown,송정1단지주공아파트
A61204002,,,,,,,,,,pending,unknown,부산송정2휴먼시아
A10023440,,,,,,,,,,pending,unknown,힐스테이트사하역 아파트
A10023969,,,,,,,,,,pending,unknown,사하한신더휴아파트
A10024383,,,,,,,,,,pending,unknown,사하역비스타동원
A60471810,,,,,,,,,,pending,unknown,당리푸르지오
A60402003,,,,,,,,,,pending,unknown,하단 SK VIEW 아파트
A60474905,,,,,,,,,,pending,unknown,한신혜성아파트
A60476101,,,,,,,,,,pending,unknown,가락타운1단지아파트
A60476206,,,,,,,,,,pending,unknown,가락타운2.3단지아파트
A10023928,,,,,,,,,,pending,unknown,사하코오롱하늘채아파트
A10027236,,,,,,,,,,pending,unknown,사하뷰웰아파트
A60403002,,,,,,,,,,pending,unknown,신평럭키무지개타운아파트
A60475903,,,,,,,,,,pending,unknown,신익강변타운아파트
A60476805,,,,,,,,,,pending,unknown,신평현대아파트
A60483404,,,,,,,,,,pending,unknown,신평한신아파트
A10022280,,,,,,,,,,pending,unknown,두산위브더센트럴사하
A60474002,,,,,,,,,,pending,unknown,장림동원로얄듀크
A60474516,,,,,,,,,,pending,unknown,장림신세대지큐빌아파트
A60477315,,,,,,,,,,pending,unknown,장림현대아파트
A60484514,,,,,,,,,,pending,unknown,장림협성르네상스타운
A60405001,,,,,,,,,,pending,unknown,다대롯데캐슬몰운대
A60405002,,,,,,,,,,pending,unknown,다대롯데캐슬블루
A60472901,,,,,,,,,,pending,unknown,다대푸르지오
A60474307,,,,,,,,,,pending,unknown,다대해송아파트
A60475305,,,,,,,,,,pending,unknown,신다대아파트
A60475309,,,,,,,,,,pending,unknown,3지구도개공아파트
A60475408,,,,,,,,,,pending,unknown,국제그린아파트
A60475411,,,,,,,,,,pending,unknown,도개공다대4지구영구임대아파트
A60475412,,,,,,,,,,pending,unknown,다대다송
A60475507,,,,,,,,,,pending,unknown,다대대우아파트
A60475509,,,,,,,,,,pending,unknown,다대푸른아파트
A60475612,,,,,,,,,,pending,unknown,다대현대아파트
A60475710,,,,,,,,,,pending,unknown,다대삼환아파트
A60476511,,,,,,,,,,pending,unknown,다대자유아파트
A60476604,,,,,,,,,,pending,unknown,다대코오롱아파트(코오롱맨션)
A60482013,,,,,,,,,,pending,unknown,다대몰운대아파트
A60482708,,,,,,,,,,pending,unknown,성원아파트
A60482712,,,,,,,,,,pending,unknown,5지구몰운대영구임대아파트
A10024185,,,,,,,,,,pending,unknown,부산사하중흥S-클래스
A10026651,,,,,,,,,,pending,unknown,e-편한세상 사하2차 아파트
A10027306,,,,,,,,,,pending,unknown,대림e편한세상사하1차아파트
A60481703,,,,,,,,,,pending,unknown,구평1차자유아파트
A60480608,,,,,,,,,,pending,unknown,부영벽산파라빌아파트
A60976902,,,,,,,,,,pending,unknown,청룡경동아파트
A10027325,,,,,,,,,,pending,unknown,구서 SK VIEW 1단지
A60931004,,,,,,,,,,pending,unknown,구서동 쌍용예가 2단지
A60931207,,,,,,,,,,pending,unknown,구서동롯데캐슬골드2단지(1049)
A60971101,,,,,,,,,,pending,unknown,롯데캐슬골드1단지
A60975204,,,,,,,,,,pending,unknown,구서선경아파트
A60976105,,,,,,,,,,pending,unknown,구서선경3차아파트
A60980506,,,,,,,,,,pending,unknown,구서우성아파트
A10026780,,,,,,,,,,pending,unknown,래미안 장전
A60939002,,,,,,,,,,pending,unknown,금정산sk뷰
A60939003,,,,,,,,,,pending,unknown,벽산블루밍장전디자인시티
A60939004,,,,,,,,,,pending,unknown,금정산쌍용예가
A60939005,,,,,,,,,,pending,unknown,금정산 2차 쌍용 예가
A10024226,,,,,,,,,,pending,unknown,삼한골든뷰에듀스테이션
A60932003,,,,,,,,,,pending,unknown,부곡동푸르지오아파트
A60970301,,,,,,,,,,pending,unknown,부곡대우아파트
A60975303,,,,,,,,,,pending,unknown,경남한신
A60975404,,,,,,,,,,pending,unknown,부곡뉴그린아파트
A60975502,,,,,,,,,,pending,unknown,부곡SK아파트
A60976501,,,,,,,,,,pending,unknown,부곡시영
A60976502,,,,,,,,,,pending,unknown,부곡늘푸른아파트
A60982103,,,,,,,,,,pending,unknown,우신뉴타운
A10020020,,,,,,,,,,pending,unknown,부산에코델타시티 디에트르 더 퍼스트아파트
A10020264,,,,,,,,,,pending,unknown,에코델타 더 베르힐 아파트
A10020378,,,,,,,,,,pending,unknown,에코델타시티 푸르지오린
A10020569,,,,,,,,,,pending,unknown,에코델타시티 푸르지오 센터파크
A10020645,,,,,,,,,,pending,unknown,강서자이 에코델타
A10020649,,,,,,,,,,pending,unknown,e편한세상 에코델타 센터포인트
A10022541,,,,,,,,,,pending,unknown,에코델타 스마트시티 수자인
A10022696,,,,,,,,,,pending,unknown,부산호반써밋스마트시티아파트
A10024664,,,,,,,,,,pending,unknown,더샵명지퍼스트월드3단지
A10024697,,,,,,,,,,pending,unknown,더샵명지퍼스트월드2단지아파트
A10025776,,,,,,,,,,pending,unknown,더 힐 시그니처
A10025923,,,,,,,,,,pending,unknown,스위트팰리스
A10025932,,,,,,,,,,pending,unknown,명지금강펜테리움센트럴파크3차
A10026157,,,,,,,,,,pending,unknown,명지더웨스턴
A10026445,,,,,,,,,,pending,unknown,중흥S-클래스에듀오션
A10027139,,,,,,,,,,pending,unknown,호반써밋명지국제
A10027280,,,,,,,,,,pending,unknown,명지 협성휴포레
A10027282,,,,,,,,,,pending,unknown,중흥S클래스프라디움아파트
A10027581,,,,,,,,,,pending,unknown,명지대방노블랜드오션뷰2차아파트
A10027621,,,,,,,,,,pending,unknown,명지2차 금강펜테리움 센트럴파크
A10027656,,,,,,,,,,pending,unknown,대방노블랜드오션뷰1차아파트
A10027698,,,,,,,,,,pending,unknown,명지 국제신도시 호반베르디움1차
A10027918,,,,,,,,,,pending,unknown,명지1차금강펜테리움센트럴파크
A10027953,,,,,,,,,,pending,unknown,명지에일린의뜰아파트
A10028117,,,,,,,,,,pending,unknown,명지삼정그린코아
A61820001,,,,,,,,,,pending,unknown,명지롯데캐슬
A61870404,,,,,,,,,,pending,unknown,퀸덤1차아인슈타인타운
A61870405,,,,,,,,,,pending,unknown,영어도시퀸덤1차링컨타운
A61870406,,,,,,,,,,pending,unknown,영어도시퀸덤에디슨타운
A61870410,,,,,,,,,,pending,unknown,명지두산위브포세이돈
A61870411,,,,,,,,,,pending,unknown,명지오션시티한신휴플러스
A61881402,,,,,,,,,,pending,unknown,명지극동스타클래스
A10025154,,,,,,,,,,pending,unknown,명지화전지구우방아이유쉘아파트
A10027026,,,,,,,,,,pending,unknown,지사과학단지 삼정그린코아아파트
A10028069,,,,,,,,,,pending,unknown,협성.DS엘리시안아파트
A61823001,,,,,,,,,,pending,unknown,지사휴먼시아
A61823002,,,,,,,,,,pending,unknown,금강펜테리움
A61829001,,,,,,,,,,pending,unknown,신호윌더하임
A61872201,,,,,,,,,,pending,unknown,부산신호사랑으로부영1차아파트
A61872202,,,,,,,,,,pending,unknown,부산신호 사랑으로 부영2차아파트
A61872203,,,,,,,,,,pending,unknown,부산신호사랑으로부영5차
A61872204,,,,,,,,,,pending,unknown,부산신호3사랑으로부영3차
A10022890,,,,,,,,,,pending,unknown,레이카운티 아파트
A10025258,,,,,,,,,,pending,unknown,아시아드코오롱하늘채
A10025950,,,,,,,,,,pending,unknown,거제센트럴자이
A61175804,,,,,,,,,,pending,unknown,거제현대아파트
A61176513,,,,,,,,,,pending,unknown,거제1차현대홈타운
A61176612,,,,,,,,,,pending,unknown,거제2차현대홈타운아파트
A61176709,,,,,,,,,,pending,unknown,거제쌍용스윗닷홈아파트
A61176911,,,,,,,,,,pending,unknown,거제동롯데캐슬아파트
A61177214,,,,,,,,,,pending,unknown,거제동월드메르디앙
A61180503,,,,,,,,,,pending,unknown,유림아시아드아파트
A10020498,,,,,,,,,,pending,unknown,시청앞 행복주택1단지
A10022365,,,,,,,,,,pending,unknown,연산포레서희스타힐스
A10023014,,,,,,,,,,pending,unknown,시청앞 행복주택2단지
A10023526,,,,,,,,,,pending,unknown,힐스테이트연산 아파트
A10024627,,,,,,,,,,pending,unknown,연산롯데캐슬골드포레
A10025135,,,,,,,,,,pending,unknown,시청역 비스타동원아파트
A10025559,,,,,,,,,,pending,unknown,연산더샵아파트
A10025994,,,,,,,,,,pending,unknown,연제 롯데캐슬앤데시앙
A10026902,,,,,,,,,,pending,unknown,연산동 일동미라주 더 스타
A10027085,,,,,,,,,,pending,unknown,센텀리버sk뷰
A10027159,,,,,,,,,,pending,unknown,브라운스톤연제
A10027937,,,,,,,,,,pending,unknown,더샵 파크시티
A10028028,,,,,,,,,,pending,unknown,부산센텀푸르지오
A61175110,,,,,,,,,,pending,unknown,망미주공아파트
A61175209,,,,,,,,,,pending,unknown,연산한양아파트
A61175901,,,,,,,,,,pending,unknown,연산자이
A61176308,,,,,,,,,,pending,unknown,연산선경아파트
A61176411,,,,,,,,,,pending,unknown,연산LG아파트
A10025433,,,,,,,,,,pending,unknown,수영sk뷰 1단지
A61313001,,,,,,,,,,pending,unknown,망미삼성아파트
A61313002,,,,,,,,,,pending,unknown,망미동the#파크리치
A61313203,,,,,,,,,,pending,unknown,센텀수영강변3차 e-편한세상아파트
A61375702,,,,,,,,,,pending,unknown,수영현대아파트
A61383101,,,,,,,,,,pending,unknown,수영협성르네상스타운
A10025075,,,,,,,,,,pending,unknown,e편한세상 오션테라스
A10026760,,,,,,,,,,pending,unknown,센텀비스타동원아파트
A61377105,,,,,,,,,,pending,unknown,센텀비치푸르지오아파트
A61377106,,,,,,,,,,pending,unknown,부산더샵센텀포레
A61377204,,,,,,,,,,pending,unknown,롯데캐슬자이안트아파트
A10020002,,,,,,,,,,pending,unknown,드파인 광안
A10024695,,,,,,,,,,pending,unknown,광안자이아파트
A61310007,,,,,,,,,,pending,unknown,광안쌍용예가디오션
A61375202,,,,,,,,,,pending,unknown,광원아파트
A61375603,,,,,,,,,,pending,unknown,비치-그린아파트
A10023420,,,,,,,,,,pending,unknown,남천자이아파트
A10023607,,,,,,,,,,pending,unknown,더샵남천프레스티지아파트
A61301003,,,,,,,,,,pending,unknown,삼익비치아파트
A61381805,,,,,,,,,,pending,unknown,남천코오롱하늘채골든비치
A61381903,,,,,,,,,,pending,unknown,남천뉴비치아파트
A61775202,,,,,,,,,,pending,unknown,모라백양그린아파트
A61775307,,,,,,,,,,pending,unknown,부산모라주공3
A61775401,,,,,,,,,,pending,unknown,백양푸른숲입주자대표회의
A61775706,,,,,,,,,,pending,unknown,우성아파트
A61781706,,,,,,,,,,pending,unknown,모라주공1단지
A61781805,,,,,,,,,,pending,unknown,모라벽산아파트
A61781807,,,,,,,,,,pending,unknown,모라동원타운
A61781808,,,,,,,,,,pending,unknown,우신모라아파트
A10023104,,,,,,,,,,pending,unknown,사상 중흥S-클래스 그랜드센트럴
A61777903,,,,,,,,,,pending,unknown,덕포경동메르빌
A61781005,,,,,,,,,,pending,unknown,덕포자유아파트
A10023544,,,,,,,,,,pending,unknown,센트럴 스타힐스
A61776003,,,,,,,,,,pending,unknown,괘법2차한신아파트
A61780802,,,,,,,,,,pending,unknown,사상강변동원아파트
A10028191,,,,,,,,,,pending,unknown,감전엘에이치
A10023571,,,,,,,,,,pending,unknown,주례롯데캐슬골드스마트
A10026975,,,,,,,,,,pending,unknown,주례경동리인아파트
A61701002,,,,,,,,,,pending,unknown,주례한일유앤아이아파트
A61776104,,,,,,,,,,pending,unknown,주례반도보라매머드아파트
A61776303,,,,,,,,,,pending,unknown,주례럭키아파트
A61778608,,,,,,,,,,pending,unknown,주례청구아파트
A61783202,,,,,,,,,,pending,unknown,신주례2차LG아파트
A61783203,,,,,,,,,,pending,unknown,LG신주례1단지아파트
A61783402,,,,,,,,,,pending,unknown,주례현대무지개아파트
A61776907,,,,,,,,,,pending,unknown,학장금강
A61777010,,,,,,,,,,pending,unknown,학장무학
A61777105,,,,,,,,,,pending,unknown,학장벽산아파트
A61777312,,,,,,,,,,pending,unknown,학장반도보라타운
A61777409,,,,,,,,,,pending,unknown,구덕대림
A61777410,,,,,,,,,,pending,unknown,학장1지구도개공임대
A61777411,,,,,,,,,,pending,unknown,학장삼정그린코아
A61777711,,,,,,,,,,pending,unknown,학장목화
A61777806,,,,,,,,,,pending,unknown,학장동2차삼성
A61784208,,,,,,,,,,pending,unknown,신구덕우성
A61784213,,,,,,,,,,pending,unknown,구학마을아파트
A61776508,,,,,,,,,,pending,unknown,엄궁대림아파트
A61776509,,,,,,,,,,pending,unknown,엄궁롯데캐슬리버아파트
A61776710,,,,,,,,,,pending,unknown,엄궁한신2차아파트
A61776811,,,,,,,,,,pending,unknown,엄궁코오롱아파트
A61778507,,,,,,,,,,pending,unknown,엄궁쌍용스윗닷홈
A61990514,,,,,,,,,,pending,unknown,기장한신그린코아아파트
A61970415,,,,,,,,,,pending,unknown,부산기장교리
A61990108,,,,,,,,,,pending,unknown,이진캐스빌블루1차
A61970311,,,,,,,,,,pending,unknown,기장서부주공아파트
A10023692,,,,,,,,,,pending,unknown,웨이브리즈아파트
A61970112,,,,,,,,,,pending,unknown,기장현대아파트
A61970210,,,,,,,,,,pending,unknown,우신네오빌아파트
A61990609,,,,,,,,,,pending,unknown,기장2주공아파트
A10026865,,,,,,,,,,pending,unknown,동부산 삼정그린코아 더베스트
A61990213,,,,,,,,,,pending,unknown,내리 휴먼시아1단지
A10028142,,,,,,,,,,pending,unknown,가화만사성정관타운아파트
A61996111,,,,,,,,,,pending,unknown,정관동원로얄듀크2차
A61996102,,,,,,,,,,pending,unknown,정관센트럴파크
A61996105,,,,,,,,,,pending,unknown,정관LH4단지
A61996108,,,,,,,,,,pending,unknown,정관1차동원로얄듀크
A61996112,,,,,,,,,,pending,unknown,정관신도시LH5단지
A10025749,,,,,,,,,,pending,unknown,부산정관 행복주택
A10026813,,,,,,,,,,pending,unknown,정관 엘에이치 7단지
A10028081,,,,,,,,,,pending,unknown,정관이지더원3차아파트
A61990110,,,,,,,,,,pending,unknown,정관신도시이지더원1차
A61996103,,,,,,,,,,pending,unknown,정관신도시휴먼시아2단지
A61996106,,,,,,,,,,pending,unknown,EGthe12차
A61996109,,,,,,,,,,pending,unknown,정관롯데캐슬2차
A61996110,,,,,,,,,,pending,unknown,정관동일스위트2차
A61996114,,,,,,,,,,pending,unknown,정관동일스위트3차
A61996204,,,,,,,,,,pending,unknown,정관신도시현진아파트
A10027503,,,,,,,,,,pending,unknown,정관양우내안애
A61996005,,,,,,,,,,pending,unknown,정관신도시롯데캐슬
A61996107,,,,,,,,,,pending,unknown,정관동일스위트1차
A61996115,,,,,,,,,,pending,unknown,정관이진캐스빌
A61996303,,,,,,,,,,pending,unknown,정관신도시 신동아파밀리에
A61996306,,,,,,,,,,pending,unknown,정관한진해모로
A61996308,,,,,,,,,,pending,unknown,정관신도시휴먼시아1단지
A10020313,,,,,,,,,,pending,unknown,일광동원로얄듀크
A10023283,,,,,,,,,,pending,unknown,금호센트럴베이 행복주택 일광
A10023778,,,,,,,,,,pending,unknown,이지더원2차포레온아파트
A10023912,,,,,,,,,,pending,unknown,일광한신더휴센트럴포레
A10024606,,,,,,,,,,pending,unknown,일광 대성베르힐
A10024909,,,,,,,,,,pending,unknown,일광자이푸르지오 2단지
A10024919,,,,,,,,,,pending,unknown,일광신도시비스타동원1차아파트
A10024933,,,,,,,,,,pending,unknown,일광 이지더원1차오션포레
A10025042,,,,,,,,,,pending,unknown,e편한세상일광아파트
A10024476,,,,,,,,,,pending,unknown,일광신도시 비스타동원2차아파트
A61987101,,,,,,,,,,pending,unknown,고촌휴먼시아
A62178101,,,,,,,,,,pending,unknown,부원역푸르지오
A10026919,,,,,,,,,,pending,unknown,e편한세상 봉황역아파트
A10020763,,,,,,,,,,pending,unknown,김해구산푸르지오파크테르아파트
A62106010,,,,,,,,,,pending,unknown,광남백조
A62106013,,,,,,,,,,pending,unknown,김해구산1
A62175901,,,,,,,,,,pending,unknown,일동미라주
A62175902,,,,,,,,,,pending,unknown,이진캐스빌2단지
A62175904,,,,,,,,,,pending,unknown,이진캐스빌1단지
A62190004,,,,,,,,,,pending,unknown,김해구산4주공
A62190005,,,,,,,,,,pending,unknown,구산5주공아파트
A62190006,,,,,,,,,,pending,unknown,구산시영
A62190007,,,,,,,,,,pending,unknown,구산주공2단지
A62190108,,,,,,,,,,pending,unknown,한라비발디
A62190109,,,,,,,,,,pending,unknown,구산주공3단지
A62190111,,,,,,,,,,pending,unknown,구지마을동원아파트
A62190112,,,,,,,,,,pending,unknown,구지마을2단지 한일유앤아이
A10023202,,,,,,,,,,pending,unknown,삼계삼정그린코아 더베스트 아파트
A10023972,,,,,,,,,,pending,unknown,삼계 한라비발디 센텀시티
A10025286,,,,,,,,,,pending,unknown,삼계서희스타힐스아파트
A62107005,,,,,,,,,,pending,unknown,화정마을5단지(북부부영1차)
A62107006,,,,,,,,,,pending,unknown,화정마을2단지(북부부영2차)
A62107007,,,,,,,,,,pending,unknown,화정마을1단지 부영아파트 (부영5차)
A62107008,,,,,,,,,,pending,unknown,한솔솔파크
A62107009,,,,,,,,,,pending,unknown,화정마을 아이파크 가야
A62107010,,,,,,,,,,pending,unknown,삼계이안
A62107013,,,,,,,,,,pending,unknown,분성마을5단지푸르지오
A62107014,,,,,,,,,,pending,unknown,구지마을3단지푸르지오
A62107015,,,,,,,,,,pending,unknown,분성마을현대아이
A62174801,,,,,,,,,,pending,unknown,화정마을6단지북부부영6차
A62176812,,,,,,,,,,pending,unknown,분성마을2단지부영(북부부영7차)
A62177011,,,,,,,,,,pending,unknown,분성마을동원로얄듀크
A10023873,,,,,,,,,,pending,unknown,연지공원푸르지오아파트
A62176006,,,,,,,,,,pending,unknown,건영아파트
A62190207,,,,,,,,,,pending,unknown,홍익그린빌
A62190308,,,,,,,,,,pending,unknown,경원마을동아아파트(동아1차)
A62190309,,,,,,,,,,pending,unknown,경원마을현대3차4차
A62190505,,,,,,,,,,pending,unknown,대우그린
A62190510,,,,,,,,,,pending,unknown,임호마을삼성아파트
A10025678,,,,,,,,,,pending,unknown,김해외동협성엘리시안아파트
A62175408,,,,,,,,,,pending,unknown,성원아파트
A62175514,,,,,,,,,,pending,unknown,한국1차
A62175616,,,,,,,,,,pending,unknown,한국2차
A62177715,,,,,,,,,,pending,unknown,일동한신
A62177909,,,,,,,,,,pending,unknown,한덕한신타워아파트
A62191912,,,,,,,,,,pending,unknown,뜨란채아파트
A62192210,,,,,,,,,,pending,unknown,덕산베스트타운
A62192213,,,,,,,,,,pending,unknown,대동한마음아파트
A62175203,,,,,,,,,,pending,unknown,어방화인
A62175204,,,,,,,,,,pending,unknown,어방동원
A62175205,,,,,,,,,,pending,unknown,대우유토피아
A62177102,,,,,,,,,,pending,unknown,삼방동성
A62177105,,,,,,,,,,pending,unknown,삼방동원타운
A62177203,,,,,,,,,,pending,unknown,삼방한일
A62177204,,,,,,,,,,pending,unknown,삼방화인
A10022467,,,,,,,,,,pending,unknown,김해푸르지오하이엔드2차아파트
A10023054,,,,,,,,,,pending,unknown,김해 푸르지오 하이엔드 1단지
A62177304,,,,,,,,,,pending,unknown,안동한일아파트
A62178002,,,,,,,,,,pending,unknown,양지마을동원아파트
A62178003,,,,,,,,,,pending,unknown,지내동원1차A
A10020938,,,,,,,,,,pending,unknown,장유역중흥S-클래스더퍼스트
A10027260,,,,,,,,,,pending,unknown,내덕서희 스타힐스 아파트
A62172144,,,,,,,,,,pending,unknown,장유대동2단지
A62183149,,,,,,,,,,pending,unknown,장유 석봉마을8단지
A62183155,,,,,,,,,,pending,unknown,석봉마을7단지
A62183158,,,,,,,,,,pending,unknown,석봉마을4단지 부영아파트
A62183171,,,,,,,,,,pending,unknown,월산마을3단지부영
A62183338,,,,,,,,,,pending,unknown,장유월산7단지주공아파트
A62183339,,,,,,,,,,pending,unknown,장유부영16차
A62183340,,,,,,,,,,pending,unknown,월산마을6단지부영
A62183348,,,,,,,,,,pending,unknown,월산마을11단지주공아파트
A62183352,,,,,,,,,,pending,unknown,월산마을1단지부영아파트
A10025879,,,,,,,,,,pending,unknown,e편한세상 장유2차아파트
A10027132,,,,,,,,,,pending,unknown,김해 무계 남명 더라우 아파트 1단지
A62171357,,,,,,,,,,pending,unknown,석봉마을10단지대동아파트
A62171462,,,,,,,,,,pending,unknown,석봉마을9단지부영아파트
A10020225,,,,,,,,,,pending,unknown,더샵신문그리니티1차
A10020807,,,,,,,,,,pending,unknown,율하 더스카이시티 제니스&프라우
A10022703,,,,,,,,,,pending,unknown,장유자이더파크
A10022926,,,,,,,,,,pending,unknown,대청천 경동리인뷰
A10025492,,,,,,,,,,pending,unknown,장유경동리인하이스트
A62183235,,,,,,,,,,pending,unknown,장유e편한세상
A62183237,,,,,,,,,,pending,unknown,장유2차쌍용예가
A62183241,,,,,,,,,,pending,unknown,장유쌍용예가1차아파트
A10023125,,,,,,,,,,pending,unknown,이안센트럴포레 장유 2단지
A10023134,,,,,,,,,,pending,unknown,이안센트럴포레장유1단지
A10026045,,,,,,,,,,pending,unknown,장유 덕산아내에코캐슬 아파트
A10026980,,,,,,,,,,pending,unknown,신장유일동미라주더파크아파트
A62172465,,,,,,,,,,pending,unknown,김해장유2
A62183136,,,,,,,,,,pending,unknown,부영e그린타운7차
A62183161,,,,,,,,,,pending,unknown,젤미마을1단지부영아파트
A62183146,,,,,,,,,,pending,unknown,갑오마을6단지부영9차
A62183151,,,,,,,,,,pending,unknown,갑오마을7단지부영아파트(10차)
A62183153,,,,,,,,,,pending,unknown,갑오마을4단지부영아파트
A10025323,,,,,,,,,,pending,unknown,힐스테이트김해아파트
A10027176,,,,,,,,,,pending,unknown,율하 서희스타힐스 아파트
A62130001,,,,,,,,,,pending,unknown,죽림마을한림풀에버7단지
A62183143,,,,,,,,,,pending,unknown,장유팔판6단지푸르지오
A62183154,,,,,,,,,,pending,unknown,팔판마을1단지부영e그린타운아파트
A62183160,,,,,,,,,,pending,unknown,팔판마을3단지부영
A62183162,,,,,,,,,,pending,unknown,율현마을주공12단지
A62183163,,,,,,,,,,pending,unknown,율현마을주공13단지
A62183165,,,,,,,,,,pending,unknown,모아미래도5단지
A62183166,,,,,,,,,,pending,unknown,율현마을동원로얄듀크1차
A62183169,,,,,,,,,,pending,unknown,율하2차e편한세상
A62183170,,,,,,,,,,pending,unknown,율상마을모아미래도6단지
A62183442,,,,,,,,,,pending,unknown,율현마을율하e-편한세상아파트
A62183447,,,,,,,,,,pending,unknown,율상마을푸르지오3단지
A62183456,,,,,,,,,,pending,unknown,율곡마을주공2단지
A62183459,,,,,,,,,,pending,unknown,율하중앙하이츠
A10024986,,,,,,,,,,pending,unknown,율하리슈빌더스테이아파트
A10025090,,,,,,,,,,pending,unknown,김해율하2 LH아파트1단지
A10025216,,,,,,,,,,pending,unknown,율하시티프라디움아파트
A10025494,,,,,,,,,,pending,unknown,율하자이힐스테이트아파트
A10025521,,,,,,,,,,pending,unknown,김해율하2 LH아파트3단지
A10025782,,,,,,,,,,pending,unknown,원메이저푸르지오아파트
A10025831,,,,,,,,,,pending,unknown,원메이저 힐스테이트
A10025839,,,,,,,,,,pending,unknown,율하 원메이저 자이
A10025054,,,,,,,,,,pending,unknown,진영한림풀에버아파트
A10025656,,,,,,,,,,pending,unknown,진영중흥S-클래스에코시티아파트
A10026999,,,,,,,,,,pending,unknown,진영이진캐스빌아파트
A10027844,,,,,,,,,,pending,unknown,진영 동문굿모닝힐아파트
A10027991,,,,,,,,,,pending,unknown,중흥S-클래스리버티3단지아파트
A62180009,,,,,,,,,,pending,unknown,중흥S클래스진영2단지
A62180010,,,,,,,,,,pending,unknown,진영코아루
A62180011,,,,,,,,,,pending,unknown,진영자이아파트
A62180012,,,,,,,,,,pending,unknown,중흥S클래스진영1단지
A10026586,,,,,,,,,,pending,unknown,센텀 큐브아파트
A10027012,,,,,,,,,,pending,unknown,김해진영휴먼시아6단지
A10027034,,,,,,,,,,pending,unknown,협성휴포레 진영 아파트
A62180105,,,,,,,,,,pending,unknown,진영휴먼시아
A10020301,,,,,,,,,,pending,unknown,e편한세상 주촌 더프리미어
A10025167,,,,,,,,,,pending,unknown,김해주촌두산위브더제니스
A10026250,,,,,,,,,,pending,unknown,김해센텀Q시티아파트
A10025625,,,,,,,,,,pending,unknown,김해센텀 두산위브더제니스
A62601006,,,,,,,,,,pending,unknown,물금7단지휴먼시아
A62670601,,,,,,,,,,pending,unknown,1차e-편한세상아파트
A62676203,,,,,,,,,,pending,unknown,동원로얄듀크
A62676305,,,,,,,,,,pending,unknown,상록경남아너스빌
A62676402,,,,,,,,,,pending,unknown,양산신도시 벽산블루밍 아파트
A62676504,,,,,,,,,,pending,unknown,양산신도시쌍용아파트
A62678507,,,,,,,,,,pending,unknown,양산신도시 청어람 아파트
A62605002,,,,,,,,,,pending,unknown,신도시현대아파트
A62675804,,,,,,,,,,pending,unknown,양산신도시대동아파트
A62675901,,,,,,,,,,pending,unknown,양산신도시주공3단지
A62677203,,,,,,,,,,pending,unknown,양산신도시뜰안채아파트
A10025152,,,,,,,,,,pending,unknown,양산 지안스로가아파트
A10025326,,,,,,,,,,pending,unknown,양산유탑유블레스하늘리에아파트
A62613003,,,,,,,,,,pending,unknown,신기주공
A62675301,,,,,,,,,,pending,unknown,우방아이유쉘
A62675402,,,,,,,,,,pending,unknown,신기한마음
A62611004,,,,,,,,,,pending,unknown,북정동원
A62611005,,,,,,,,,,pending,unknown,새롬성원네오파트
A62621003,,,,,,,,,,pending,unknown,교동일동미라주
A62676903,,,,,,,,,,pending,unknown,삼성파크빌(임대)
A62672306,,,,,,,,,,pending,unknown,웅상신도시푸르지오
A62683605,,,,,,,,,,pending,unknown,대동이미지타운2단지
A62683607,,,,,,,,,,pending,unknown,서창대동이미지타운1단지
A62683703,,,,,,,,,,pending,unknown,유승한내들
A62683704,,,,,,,,,,pending,unknown,서창해인그린빌아파트
A10027793,,,,,,,,,,pending,unknown,명동삼한사랑채
A62625002,,,,,,,,,,pending,unknown,웅상화성파크드림
A62630001,,,,,,,,,,pending,unknown,웅상신원아침도시
A62628004,,,,,,,,,,pending,unknown,서창대동
A62670501,,,,,,,,,,pending,unknown,천성리버타운
A62670502,,,,,,,,,,pending,unknown,소주휴먼시아
A10022796,,,,,,,,,,pending,unknown,양산천년가더힐아파트
A10025237,,,,,,,,,,pending,unknown,양산서희스타힐스아파트
A10027365,,,,,,,,,,pending,unknown,양산롯데캐슬아파트
A62631001,,,,,,,,,,pending,unknown,로즈힐아파트
A10025226,,,,,,,,,,pending,unknown,양산 KCC 스위첸 아파트
A62632011,,,,,,,,,,pending,unknown,양산코아루
A62672012,,,,,,,,,,pending,unknown,삼성명가타운
A62675509,,,,,,,,,,pending,unknown,양산평산휴먼시아
A62675614,,,,,,,,,,pending,unknown,양산봉우아파트
A62675713,,,,,,,,,,pending,unknown,태원아파트
A62684810,,,,,,,,,,pending,unknown,덕계동일스위트1
A62684815,,,,,,,,,,pending,unknown,천성산 한일유앤아이
A10022437,,,,,,,,,,pending,unknown,트리마제양산1단지
A10024373,,,,,,,,,,pending,unknown,양산두산위브2차1단지
A10025160,,,,,,,,,,pending,unknown,양산두산위브1차 아파트
A10025219,,,,,,,,,,pending,unknown,동양산우성스마트시티뷰
A62671203,,,,,,,,,,pending,unknown,양산대승하이아트아파트
A62672404,,,,,,,,,,pending,unknown,동일스위트2차아파트
A62677805,,,,,,,,,,pending,unknown,양산부영벽산
A10026226,,,,,,,,,,pending,unknown,양산물금엘에이치천년나무아파트
A10026776,,,,,,,,,,pending,unknown,이지더원5차
A10027120,,,,,,,,,,pending,unknown,양우내안애5차리버파크
A10027647,,,,,,,,,,pending,unknown,양산신도시LH아파트1단지
A10024546,,,,,,,,,,pending,unknown,양산물금한신더휴
A10025298,,,,,,,,,,pending,unknown,양산코오롱하늘채아파트
A10026410,,,,,,,,,,pending,unknown,대방노블랜드 8차 로얄카운티
A10026437,,,,,,,,,,pending,unknown,양산 한양수자인 더퍼스트
A10026883,,,,,,,,,,pending,unknown,양산 대방노블랜드 7차 메가시티
A10026931,,,,,,,,,,pending,unknown,이지더원2차 그랜드파크
A10026935,,,,,,,,,,pending,unknown,양산4차동원로얄듀크비스타
A10027265,,,,,,,,,,pending,unknown,대방노블랜드연리지2차3차아파트
A10027272,,,,,,,,,,pending,unknown,양산물금대방노블랜드6차더클래스
A10027443,,,,,,,,,,pending,unknown,양우내안애2차 아파트
A10027515,,,,,,,,,,pending,unknown,양산대방노블랜드5차에듀카운티
A10027564,,,,,,,,,,pending,unknown,양산신도시엘에이치아파트 5단지
A10027723,,,,,,,,,,pending,unknown,양산물금 사랑으로 부영2단지 아파트
A10027724,,,,,,,,,,pending,unknown,양산 물금 부영 1단지 아파트
A62681103,,,,,,,,,,pending,unknown,양산가촌휴먼시아
A62681106,,,,,,,,,,pending,unknown,양산 물금 동일스위트
A62681109,,,,,,,,,,pending,unknown,양우내안애1차
A10023701,,,,,,,,,,pending,unknown,양산브라운스톤아파트
A10027035,,,,,,,,,,pending,unknown,양산신도시3차 동원로얄듀크비스타
A10028198,,,,,,,,,,pending,unknown,양산반도유보라4차
A62677518,,,,,,,,,,pending,unknown,양산범어대동타운
A62677716,,,,,,,,,,pending,unknown,범어현대아파트
A62681102,,,,,,,,,,pending,unknown,신창비바패밀리
A62681104,,,,,,,,,,pending,unknown,양산물금우미린
A62681105,,,,,,,,,,pending,unknown,반도유보라2차
A62681107,,,,,,,,,,pending,unknown,반도유보라3차
A62681108,,,,,,,,,,pending,unknown,양산물금1차대방노블랜드
A62681411,,,,,,,,,,pending,unknown,일신건영휴먼빌
A62681412,,,,,,,,,,pending,unknown,반도유보라
A62681414,,,,,,,,,,pending,unknown,양산우남퍼스트빌
A62681415,,,,,,,,,,pending,unknown,효성백년가약
A62681417,,,,,,,,,,pending,unknown,양산2차 e-편한세상
A10020730,,,,,,,,,,pending,unknown,양산사송LH8단지아파트
A10022488,,,,,,,,,,pending,unknown,사송역 우미린 포레스트
A10022562,,,,,,,,,,pending,unknown,사송롯데캐슬
A10022668,,,,,,,,,,pending,unknown,양산 사송LH4단지
A10022754,,,,,,,,,,pending,unknown,더샵데시앙3차9단지아파트
A10023241,,,,,,,,,,pending,unknown,사송더샵데시앙2차 7단지아파트
A10023393,,,,,,,,,,pending,unknown,사송더샵데시앙2차6단지
A10023456,,,,,,,,,,pending,unknown,양산사송LH5단지아파트
A10023566,,,,,,,,,,pending,unknown,사송트루엘 아파트
A10024087,,,,,,,,,,pending,unknown,양산 사송 더 샵 데시앙 1차 1단지
A10024089,,,,,,,,,,pending,unknown,사송더샵데시앙4단지
A10022383,,,,,,,,,,pending,unknown,더샵남양산센텀포레
A10026810,,,,,,,,,,pending,unknown,이지더원3차 리버포레
A10026914,,,,,,,,,,pending,unknown,양산양우내안애6차에코뷰아파트
A10027005,,,,,,,,,,pending,unknown,남양산역 반도유보라 아이비파크6.0 아파트
A10027168,,,,,,,,,,pending,unknown,남양산역 반도유보라 아이비파크5
A62682103,,,,,,,,,,pending,unknown,석산한신휴플러스
A62682104,,,,,,,,,,pending,unknown,양산극동아파트
A62682106,,,,,,,,,,pending,unknown,e편한세상 남양산2차
A62682108,,,,,,,,,,pending,unknown,이편한세상남양산
A62682109,,,,,,,,,,pending,unknown,양산신도시2차동원로얄듀크
A62682105,,,,,,,,,,pending,unknown,금산휴먼시아
A10022561,,,,,,,,,,pending,unknown,두산위브더제니스양산
A62685308,,,,,,,,,,pending,unknown,양산대석휴먼시아
A62678407,,,,,,,,,,pending,unknown,대우마리나
