month,kapt_code,complex_name,sigungu,dong,households,confirmed_households,priced_households,household_coverage,price_coverage,share_3m,share_6m,share_12m,market_cap_krw,partial_cap_krw,per_household_krw,market_cap_1m_krw,small_sample_1m,grade,reason,composition_hash,method_signature,historical_limit,initial_history_short,input_hash,rules_hash,master_hash,run_id,executed_at,rank,district_rank,household_value_rank,mom_krw,mom_pct,yoy_pct,rank_change,common_rank,common_rank_change,comparison_status,change_flags
2026-09,A61274508,동부올림픽아파트,해운대구,우동,1680.0,1680.0,1680.0,1.0,1.0,0.7619047619047619,0.23809523809523808,0.0,1568800000000.0,1568800000000.0,933809523.8095238,1579000000000.0,True,B,,9893f4713a38d0a3cb28fa4d6cbe2be2c200e1fbcc7e66bf1cd5814f6b0e7b7a,"[[""exclusive_59.8"", ""median_3m""], [""exclusive_84.96"", ""median_3m""], [""exclusive_114.92"", ""median_6m""]]",현재 확보 자료로 재구성한 과거 추정치; 과거 세대 구성 미확인,False,5ae79fbd983fa4a82f86722f536b67430da841a3edca22b008caca92ef918c7c,6f0ab4ecf02b5af0499f847f07cadb264653331c3861a9a083ff03c9a7dd8ad4,d597e904ed1d78cbf16030d78df157aa647b070edb5809456e7ad6bed7762d81,1624bf41261d1b5b3f6b3fc9,2026-10-07T15:38:57.687341+09:00,1.0,1.0,1.0,,,,,,,규칙 변경: 비교 불가,
2026-09,A10025540,삼한골든뷰센트럴파크,부산진구,범전동,1272.0,1272.0,1272.0,1.0,1.0,0.5,0.5,0.0,1022370000000.0,1022370000000.0,803750000.0,,True,B,,12ca74ba99839144b2648e97869931e50b1474e0fd1f75caddcfae2d2490d0c1,"[[""exclusive_84.99"", ""median_6m""], [""exclusive_84.97"", ""median_3m""]]",현재 확보 자료로 재구성한 과거 추정치; 과거 세대 구성 미확인,False,5ae79fbd983fa4a82f86722f536b67430da841a3edca22b008caca92ef918c7c,6f0ab4ecf02b5af0499f847f07cadb264653331c3861a9a083ff03c9a7dd8ad4,d597e904ed1d78cbf16030d78df157aa647b070edb5809456e7ad6bed7762d81,1624bf41261d1b5b3f6b3fc9,2026-10-07T15:38:57.687341+09:00,2.0,1.0,2.0,,,,,,,규칙 변경: 비교 불가,
2026-09,A10024697,더샵명지퍼스트월드2단지아파트,강서구,명지동,1406.0,1406.0,1406.0,1.0,1.0,0.8307254623044097,0.16927453769559034,0.0,878368000000.0,878368000000.0,624728307.254623,,True,B,,cb89d0c204ced75eeda02afb7f8d21a1acea2983dc7df7662cd8414b54b13e1d,"[[""exclusive_80.78"", ""median_6m""], [""exclusive_84.99"", ""median_3m""], [""exclusive_84.95"", ""median_3m""], [""exclusive_99.92"", ""median_6m""], [""exclusive_113.93"", ""median_3m""]]",현재 확보 자료로 재구성한 과거 추정치; 과거 세대 구성 미확인,False,5ae79fbd983fa4a82f86722f536b67430da841a3edca22b008caca92ef918c7c,6f0ab4ecf02b5af0499f847f07cadb264653331c3861a9a083ff03c9a7dd8ad4,d597e904ed1d78cbf16030d78df157aa647b070edb5809456e7ad6bed7762d81,1624bf41261d1b5b3f6b3fc9,2026-10-07T15:38:57.687341+09:00,3.0,1.0,5.0,,,,,,,규칙 변경: 비교 불가,
2026-09,A61479104,양정현대2차아파트,부산진구,양정동,1901.0,1901.0,1901.0,1.0,1.0,0.8190426091530774,0.18095739084692267,0.0,687500000000.0,687500000000.0,361651762.23040503,,True,B,,f3b8d739eb14c77747013dd726452c4cabfc831c312dc4e732b535785491d6c7,"[[""exclusive_59.95"", ""median_3m""], [""exclusive_84.99"", ""median_3m""], [""exclusive_114.98"", ""median_6m""]]",현재 확보 자료로 재구성한 과거 추정치; 과거 세대 구성 미확인,False,5ae79fbd983fa4a82f86722f536b67430da841a3edca22b008caca92ef918c7c,6f0ab4ecf02b5af0499f847f07cadb264653331c3861a9a083ff03c9a7dd8ad4,d597e904ed1d78cbf16030d78df157aa647b070edb5809456e7ad6bed7762d81,1624bf41261d1b5b3f6b3fc9,2026-10-07T15:38:57.687341+09:00,4.0,2.0,22.0,,,,,,,규칙 변경: 비교 불가,
2026-09,A61673304,화명동원로얄듀크,북구,화명동,1627.0,1627.0,1627.0,1.0,1.0,0.8770743700061463,0.12292562999385372,0.0,596362500000.0,596362500000.0,366541180.08604795,,True,B,,10b8c92bf6b50bdba08ea6ad66e74d41049a2a05a3d7373d1c84f7e69a712f9b,"[[""exclusive_59.99"", ""median_3m""], [""exclusive_84.99"", ""median_3m""], [""exclusive_124.56"", ""median_6m""]]",현재 확보 자료로 재구성한 과거 추정치; 과거 세대 구성 미확인,False,5ae79fbd983fa4a82f86722f536b67430da841a3edca22b008caca92ef918c7c,6f0ab4ecf02b5af0499f847f07cadb264653331c3861a9a083ff03c9a7dd8ad4,d597e904ed1d78cbf16030d78df157aa647b070edb5809456e7ad6bed7762d81,1624bf41261d1b5b3f6b3fc9,2026-10-07T15:38:57.687341+09:00,5.0,1.0,20.0,,,,,,,규칙 변경: 비교 불가,
2026-09,A60710004,안락뜨란채2단지아파트,동래구,안락동,1420.0,1420.0,1420.0,1.0,1.0,0.8,0.2,0.0,589090000000.0,589090000000.0,414852112.6760563,,True,B,,7c76b430e72e180fb7646f8227f71c5609f3d864cf8e09cb92ed20a532d7dc13,"[[""exclusive_51.86"", ""median_3m""], [""exclusive_59.91"", ""median_3m""], [""exclusive_59.98"", ""median_3m""], [""exclusive_74.65"", ""median_6m""], [""exclusive_84.92"", ""median_3m""]]",현재 확보 자료로 재구성한 과거 추정치; 과거 세대 구성 미확인,False,5ae79fbd983fa4a82f86722f536b67430da841a3edca22b008caca92ef918c7c,6f0ab4ecf02b5af0499f847f07cadb264653331c3861a9a083ff03c9a7dd8ad4,d597e904ed1d78cbf16030d78df157aa647b070edb5809456e7ad6bed7762d81,1624bf41261d1b5b3f6b3fc9,2026-10-07T15:38:57.687341+09:00,6.0,1.0,18.0,,,,,,,규칙 변경: 비교 불가,
2026-09,A10023750,e편한세상 서면 더센트럴,부산진구,범천동,998.0,998.0,998.0,1.0,1.0,0.35971943887775554,0.6402805611222445,0.0,550709000000.0,550709000000.0,551812625.250501,,True,B,,b52cfcfb193c86efbc320cea142b7d0851d079cf1086246e464cbba296221fba,"[[""exclusive_59.99"", ""median_6m""], [""exclusive_69.99"", ""median_6m""], [""exclusive_84.96"", ""median_6m""], [""exclusive_84.99"", ""median_3m""]]",현재 확보 자료로 재구성한 과거 추정치; 과거 세대 구성 미확인,False,5ae79fbd983fa4a82f86722f536b67430da841a3edca22b008caca92ef918c7c,6f0ab4ecf02b5af0499f847f07cadb264653331c3861a9a083ff03c9a7dd8ad4,d597e904ed1d78cbf16030d78df157aa647b070edb5809456e7ad6bed7762d81,1624bf41261d1b5b3f6b3fc9,2026-10-07T15:38:57.687341+09:00,7.0,3.0,9.0,,,,,,,규칙 변경: 비교 불가,
2026-09,A61612016,화명수정강변타운,북구,화명동,1780.0,1780.0,1780.0,1.0,1.0,0.947752808988764,0.052247191011235955,0.0,510307500000.0,510307500000.0,286689606.74157304,,True,B,,045ce815833b44ac4546f0a205c748b0f7888f1c6a255c69c03caf057ee90ff5,"[[""exclusive_49.82"", ""median_3m""], [""exclusive_59.4"", ""median_3m""], [""exclusive_59.57"", ""median_6m""], [""exclusive_84.34"", ""median_3m""]]",현재 확보 자료로 재구성한 과거 추정치; 과거 세대 구성 미확인,False,5ae79fbd983fa4a82f86722f536b67430da841a3edca22b008caca92ef918c7c,6f0ab4ecf02b5af0499f847f07cadb264653331c3861a9a083ff03c9a7dd8ad4,d597e904ed1d78cbf16030d78df157aa647b070edb5809456e7ad6bed7762d81,1624bf41261d1b5b3f6b3fc9,2026-10-07T15:38:57.687341+09:00,8.0,2.0,29.0,,,,,,,규칙 변경: 비교 불가,
2026-09,A61609002,동원로얄듀크비스타,북구,구포동,1079.0,1079.0,1079.0,1.0,1.0,0.6691380908248378,0.33086190917516217,0.0,498151500000.0,498151500000.0,461678869.32344764,,True,B,,67719b564f7dbc703048725bec66e60400721b7d405cfa1cb28874e2d6959f22,"[[""exclusive_73.11"", ""median_6m""], [""exclusive_84.98"", ""median_3m""], [""exclusive_99.24"", ""median_6m""]]",현재 확보 자료로 재구성한 과거 추정치; 과거 세대 구성 미확인,False,5ae79fbd983fa4a82f86722f536b67430da841a3edca22b008caca92ef918c7c,6f0ab4ecf02b5af0499f847f07cadb264653331c3861a9a083ff03c9a7dd8ad4,d597e904ed1d78cbf16030d78df157aa647b070edb5809456e7ad6bed7762d81,1624bf41261d1b5b3f6b3fc9,2026-10-07T15:38:57.687341+09:00,9.0,3.0,15.0,,,,,,,규칙 변경: 비교 불가,
2026-09,A61281117,센텀대림,해운대구,반여동,1500.0,1500.0,1500.0,1.0,1.0,0.8106666666666666,0.18933333333333333,0.0,491500000000.0,491500000000.0,327666666.6666667,,True,B,,e764781a75b8133ea559015df7d295a90fd22f12b4d1a7caafa4958052383616,"[[""exclusive_59.99"", ""median_3m""], [""exclusive_84.98"", ""median_3m""], [""exclusive_126.93"", ""median_6m""]]",현재 확보 자료로 재구성한 과거 추정치; 과거 세대 구성 미확인,False,5ae79fbd983fa4a82f86722f536b67430da841a3edca22b008caca92ef918c7c,6f0ab4ecf02b5af0499f847f07cadb264653331c3861a9a083ff03c9a7dd8ad4,d597e904ed1d78cbf16030d78df157aa647b070edb5809456e7ad6bed7762d81,1624bf41261d1b5b3f6b3fc9,2026-10-07T15:38:57.687341+09:00,10.0,2.0,23.0,,,,,,,규칙 변경: 비교 불가,
