단지 식별자,단지명,구군,총세대수,확인 세대수,산정 대상 세대수,보완 사유
A10024328,동대신역비스타동원아파트,서구,503,0,0,평형별 세대수 보완 필요
A10024875,동대신동 브라운스톤하이포레아파트,서구,554,0,0,평형별 세대수 보완 필요; 임대·혼합 또는 분양 범위 미확인
A10026034,대신푸르지오아파트,서구,959,0,0,평형별 세대수 보완 필요; 임대·혼합 또는 분양 범위 미확인
A10023704,대신해모로센트럴아파트,서구,733,0,0,평형별 세대수 보완 필요; 임대·혼합 또는 분양 범위 미확인
A10024535,대신2차푸르지오,서구,815,0,0,평형별 세대수 보완 필요
A10028182,대신롯데캐슬아파트,서구,753,0,0,평형별 세대수 보완 필요
A60275104,남성한빛아파트,서구,564,0,0,평형별 세대수 보완 필요
A60270501,부민e-편한세상아파트,서구,613,0,0,평형별 세대수 보완 필요
A10022985,경동포레스트힐 행복주택 아미,서구,767,0,0,평형별 세대수 보완 필요; 임대·혼합 또는 분양 범위 미확인
A60275201,남부민풀리페,서구,782,0,0,평형별 세대수 보완 필요; 임대·혼합 또는 분양 범위 미확인
A10022434,e편한세상 송도 더퍼스트비치,서구,1302,0,0,평형별 세대수 보완 필요
A10023790,힐스테이트이진베이시티,서구,1368,0,0,평형별 세대수 보완 필요
A10024998,범양레우스 센트럴베이,동구,856,0,0,평형별 세대수 보완 필요
A10025359,e편한세상부산항,동구,752,0,0,평형별 세대수 보완 필요
A10025380,협성휴포레부산진역오션뷰아파트,동구,788,0,0,평형별 세대수 보완 필요
A10023963,부산항일동미라주더오션아파트,동구,546,0,0,평형별 세대수 보완 필요
A10023208,두산위브더제니스 하버시티,동구,2040,0,0,평형별 세대수 보완 필요
A10026746,오션브릿지,동구,652,0,0,평형별 세대수 보완 필요
A60106001,한성기린프라자,동구,547,0,0,평형별 세대수 보완 필요
A60106002,두산위브포세이돈Ⅱ,동구,690,0,0,평형별 세대수 보완 필요
A60681702,영선동반도보라아파트,영도구,868,0,0,평형별 세대수 보완 필요
A60675801,미광마린타워아파트,영도구,676,0,0,평형별 세대수 보완 필요
A10024303,영도 센트럴 에일린의뜰,영도구,1216,0,0,평형별 세대수 보완 필요; 임대·혼합 또는 분양 범위 미확인
A60607003,신영도롯데낙천대,영도구,528,0,0,평형별 세대수 보완 필요
A60607004,청학영도신도브래뉴,영도구,508,0,0,평형별 세대수 보완 필요
A10022267,오션라이프에일린의 뜰,영도구,1228,0,0,평형별 세대수 보완 필요; 임대·혼합 또는 분양 범위 미확인
A10023837,부산오션시티푸르지오,영도구,846,0,0,평형별 세대수 보완 필요
A60608002,조양비취맨션,영도구,630,0,0,평형별 세대수 보완 필요
A60608303,동삼그린힐,영도구,2088,0,0,평형별 세대수 보완 필요
A60670101,도시공사동삼2지구영구임대아파트,영도구,1120,0,0,평형별 세대수 보완 필요; 임대·혼합 또는 분양 범위 미확인
A60675110,함지그린,영도구,1000,0,0,평형별 세대수 보완 필요
A60676104,부산동삼1,영도구,976,0,0,평형별 세대수 보완 필요; 임대·혼합 또는 분양 범위 미확인
A60676205,부산동삼2주공,영도구,1968,0,0,평형별 세대수 보완 필요; 임대·혼합 또는 분양 범위 미확인
A60680909,국제마마뉴비치,영도구,522,0,0,평형별 세대수 보완 필요
A60680912,절영아파트,영도구,1340,0,0,평형별 세대수 보완 필요
A10020870,양정자이더샵SKVIEW,부산진구,2276,0,0,평형별 세대수 보완 필요; 임대·혼합 또는 분양 범위 미확인
A10023040,양정 포레힐즈 스위첸,부산진구,1338,0,0,평형별 세대수 보완 필요; 임대·혼합 또는 분양 범위 미확인
A61475403,양정현대1차아파트,부산진구,1733,0,0,평형별 세대수 보완 필요
A61479104,양정현대2차아파트,부산진구,1901,0,0,평형별 세대수 보완 필요
A61479902,대원칸타빌멤버스,부산진구,840,0,0,평형별 세대수 보완 필요
A10023625,e편한세상 시민공원 아파트,부산진구,1401,0,0,평형별 세대수 보완 필요
A10024602,서면아이파크아파트,부산진구,2144,0,0,평형별 세대수 보완 필요
A10025901,부산전포동 사랑으로 부영아파트,부산진구,500,0,0,평형별 세대수 보완 필요; 임대·혼합 또는 분양 범위 미확인
A10027340,전포LH아파트,부산진구,794,0,0,평형별 세대수 보완 필요; 임대·혼합 또는 분양 범위 미확인
A61404006,서면한신,부산진구,705,0,0,평형별 세대수 보완 필요
A61404007,서면롯데캐슬스카이,부산진구,1395,0,0,평형별 세대수 보완 필요
A61404203,서면대우디오빌2,부산진구,751,0,0,평형별 세대수 보완 필요
A61477302,서면유림노르웨이아침,부산진구,512,0,0,평형별 세대수 보완 필요
A61486301,한라비발디,부산진구,511,0,0,평형별 세대수 보완 필요
A61403001,서면센트럴스타,부산진구,1360,0,0,평형별 세대수 보완 필요
A61473002,네오스포아파트,부산진구,782,0,0,평형별 세대수 보완 필요
A10023750,e편한세상 서면 더센트럴,부산진구,998,0,0,평형별 세대수 보완 필요
A10027052,서면DS·협성엘리시안아파트,부산진구,630,0,0,평형별 세대수 보완 필요
A61402003,서면베르빌2,부산진구,606,0,0,평형별 세대수 보완 필요
A61476002,범천경남아파트,부산진구,950,0,0,평형별 세대수 보완 필요
A61476004,범천LH,부산진구,533,0,0,평형별 세대수 보완 필요; 임대·혼합 또는 분양 범위 미확인
A61483202,서면e-편한세상,부산진구,623,0,0,평형별 세대수 보완 필요
A10025540,삼한골든뷰센트럴파크,부산진구,1272,0,0,평형별 세대수 보완 필요
A10023616,래미안 어반파크,부산진구,2616,0,0,평형별 세대수 보완 필요; 임대·혼합 또는 분양 범위 미확인
A61478807,화인연지아파트,부산진구,654,0,0,평형별 세대수 보완 필요
A61478901,연지자이2차,부산진구,1011,0,0,평형별 세대수 보완 필요
A61485906,연지2차청구아파트,부산진구,554,0,0,평형별 세대수 보완 필요
A61486005,연지자이1차아파트,부산진구,547,0,0,평형별 세대수 보완 필요
A61486008,세동한신아파트,부산진구,789,0,0,평형별 세대수 보완 필요
A10022574,초읍하늘채포레스원아파트,부산진구,756,0,0,평형별 세대수 보완 필요; 임대·혼합 또는 분양 범위 미확인
A10024953,포레나부산초읍,부산진구,1113,0,0,평형별 세대수 보완 필요; 임대·혼합 또는 분양 범위 미확인
A10020721,백양산서희스타힐스(백양산서희스타힐스),부산진구,1295,0,0,평형별 세대수 보완 필요
A10022844,롯데캐슬라센트,부산진구,2195,0,0,평형별 세대수 보완 필요; 임대·혼합 또는 분양 범위 미확인
A10026861,서면동일파크스위트3차아파트,부산진구,727,0,0,평형별 세대수 보완 필요
A10028147,서면동일파크스위트1차아파트,부산진구,751,0,0,평형별 세대수 보완 필요
A61409002,서면쌍용스윗닷홈스카이,부산진구,544,0,0,평형별 세대수 보완 필요
A61409003,일성in4아파트,부산진구,546,0,0,평형별 세대수 보완 필요
A61409004,타워베르빌,부산진구,704,0,0,평형별 세대수 보완 필요
A61409005,서면동문굿모닝힐,부산진구,559,0,0,평형별 세대수 보완 필요
A61409302,당감뜨란채아파트,부산진구,630,0,0,평형별 세대수 보완 필요
A61479403,백양산쌍용스윗닷홈아파트,부산진구,718,0,0,평형별 세대수 보완 필요
A61484004,협성피닉스아파트,부산진구,774,0,0,평형별 세대수 보완 필요
A61484005,화승삼성아파트,부산진구,1811,0,0,평형별 세대수 보완 필요
A10023021,서면 비스타동원,부산진구,806,0,0,평형별 세대수 보완 필요
A10025434,서면2차 봄여름가을겨울아파트,부산진구,535,0,0,평형별 세대수 보완 필요
A61410304,서면삼익아파트,부산진구,1074,0,0,평형별 세대수 보완 필요
A61475202,태화현대1차아파트,부산진구,668,0,0,평형별 세대수 보완 필요
A61475903,태화현대2차아파트,부산진구,820,0,0,평형별 세대수 보완 필요
A61477806,국제백양아파트,부산진구,1153,0,0,평형별 세대수 보완 필요
A61479605,당감동일스위트아파트,부산진구,1090,0,0,평형별 세대수 보완 필요
A61482207,개금주공3단지아파트,부산진구,2716,0,0,평형별 세대수 보완 필요
A61482302,백양뜨란채아파트,부산진구,851,0,0,평형별 세대수 보완 필요
A61482303,백양푸른채,부산진구,1116,0,0,평형별 세대수 보완 필요
A10020213,가야역롯데캐슬스카이엘아파트,부산진구,725,0,0,평형별 세대수 보완 필요
A10023627,가야롯데캐슬 골드아너,부산진구,935,0,0,평형별 세대수 보완 필요; 임대·혼합 또는 분양 범위 미확인
A61476403,가야벽산아파트,부산진구,1772,0,0,평형별 세대수 보완 필요
A61479502,가야반도보라빌,부산진구,1048,0,0,평형별 세대수 보완 필요
A10023409,이진젠시티,부산진구,736,0,0,평형별 세대수 보완 필요
A10026363,금강펜테리움 더 스퀘어,부산진구,620,0,0,평형별 세대수 보완 필요
A61475512,개금주공2단지,부산진구,2544,0,0,평형별 세대수 보완 필요
A61477009,개금우드빌,부산진구,980,0,0,평형별 세대수 보완 필요
A61477105,개금아이파크,부산진구,1424,0,0,평형별 세대수 보완 필요
A61477403,개금시영아파트,부산진구,633,0,0,평형별 세대수 보완 필요
A61480908,동원화인패밀리타운,부산진구,894,0,0,평형별 세대수 보완 필요
A61480910,개금2지구도개공임대아파트,부산진구,990,0,0,평형별 세대수 보완 필요; 임대·혼합 또는 분양 범위 미확인
A61481111,신개금LG아파트,부산진구,2510,0,0,평형별 세대수 보완 필요
A10025342,e편한세상동래명장,동래구,1384,0,0,평형별 세대수 보완 필요; 임대·혼합 또는 분양 범위 미확인
A10026360,동래동일스위트,동래구,702,0,0,평형별 세대수 보완 필요
A10027972,안락경동리인아파트,동래구,693,0,0,평형별 세대수 보완 필요
A60710004,안락뜨란채2단지아파트,동래구,1420,0,0,평형별 세대수 보완 필요
A60777205,안락1차SK아파트,동래구,1898,0,0,평형별 세대수 보완 필요
A60777206,부산안락4휴먼시아,동래구,619,0,0,평형별 세대수 보완 필요; 임대·혼합 또는 분양 범위 미확인
A60777604,안락현대아파트,동래구,738,0,0,평형별 세대수 보완 필요
A60778502,강변뜨란채,동래구,814,0,0,평형별 세대수 보완 필요
A60782701,동래화목타운,동래구,793,0,0,평형별 세대수 보완 필요
A10025662,포레나동래아파트,동래구,732,0,0,평형별 세대수 보완 필요
A60775407,동원로얄듀크,동래구,632,0,0,평형별 세대수 보완 필요
A60775605,동래우성아파트,동래구,531,0,0,평형별 세대수 보완 필요
A60776006,동래한양아파트,동래구,552,0,0,평형별 세대수 보완 필요
A60780104,중앙하이츠2차아파트,동래구,511,0,0,평형별 세대수 보완 필요
A60780108,낙민한일유앤아이,동래구,935,0,0,평형별 세대수 보완 필요
A60702002,우성베스토피아아파트,동래구,744,0,0,평형별 세대수 보완 필요
A10023781,힐스테이트 명륜 트라디움,동래구,874,0,0,평형별 세대수 보완 필요
A10025687,명륜자이,동래구,671,0,0,평형별 세대수 보완 필요
A10027690,명륜2차아이파크아파트,동래구,2058,0,0,평형별 세대수 보완 필요; 임대·혼합 또는 분양 범위 미확인
A60701003,동래센트럴파크하이츠2단지,동래구,680,0,0,평형별 세대수 보완 필요
A60701004,명륜아이파크,동래구,1409,0,0,평형별 세대수 보완 필요
A10022002,래미안포레스티지,동래구,4043,0,0,평형별 세대수 보완 필요; 임대·혼합 또는 분양 범위 미확인
A10023417,더샵 동래,동래구,603,0,0,평형별 세대수 보완 필요
A10023975,동래래미안아이파크아파트,동래구,3853,0,0,평형별 세대수 보완 필요; 임대·혼합 또는 분양 범위 미확인
A10024005,동래3차 SK VIEW 아파트,동래구,999,0,0,평형별 세대수 보완 필요
A10025463,동래효성해링턴플레이스,동래구,762,0,0,평형별 세대수 보완 필요
A10026316,동래삼정그린코아포레스트,동래구,582,0,0,평형별 세대수 보완 필요
A60775306,동래럭키아파트,동래구,1536,0,0,평형별 세대수 보완 필요
A60783306,벽산 아스타,동래구,648,0,0,평형별 세대수 보완 필요
A60784207,온천동반도보라스카이뷰,동래구,1149,0,0,평형별 세대수 보완 필요
A10022591,사직 하늘채 리센티아,동래구,690,0,0,평형별 세대수 보완 필요
A10024982,쌍용 더 플래티넘 사직 아시아드,동래구,914,0,0,평형별 세대수 보완 필요
A10027054,사직롯데캐슬더클래식,동래구,1064,0,0,평형별 세대수 보완 필요; 임대·혼합 또는 분양 범위 미확인
A10027341,사직KCC스위첸,동래구,999,0,0,평형별 세대수 보완 필요
A60712001,사직2차삼정그린코아,동래구,560,0,0,평형별 세대수 보완 필요
A60712204,사직한신아파트,동래구,710,0,0,평형별 세대수 보완 필요
A60776402,사직2차쌍용예가,동래구,625,0,0,평형별 세대수 보완 필요
A60778608,사직쌍용예가,동래구,2947,0,0,평형별 세대수 보완 필요
A60782005,사직삼정그린코아아파트,동래구,874,0,0,평형별 세대수 보완 필요
A10022847,더비치푸르지오써밋,남구,1384,0,0,평형별 세대수 보완 필요
A10022999,대연푸르지오클라센트,남구,1057,0,0,평형별 세대수 보완 필요; 임대·혼합 또는 분양 범위 미확인
A10025593,대연자이 아파트,남구,965,0,0,평형별 세대수 보완 필요
A10026094,대연sk뷰힐스아파트,남구,994,0,0,평형별 세대수 보완 필요
A10026184,대연파크푸르지오아파트,남구,1422,0,0,평형별 세대수 보완 필요
A10026452,대연롯데캐슬레전드,남구,3149,0,0,평형별 세대수 보완 필요
A10028145,대연롯데캐슬,남구,564,0,0,평형별 세대수 보완 필요; 임대·혼합 또는 분양 범위 미확인
A60802001,대연힐스테이트푸르지오,남구,2304,0,0,평형별 세대수 보완 필요
A60874408,대연동푸르지오,남구,678,0,0,평형별 세대수 보완 필요
A60875509,대우그린아파트,남구,691,0,0,평형별 세대수 보완 필요
A60877710,삼익그린타운,남구,725,0,0,평형별 세대수 보완 필요
A60877907,대연청구아파트,남구,604,0,0,평형별 세대수 보완 필요
A10023436,데시앙해링턴플레이스파크시티,남구,1725,0,0,평형별 세대수 보완 필요
A10026391,W 아파트,남구,1488,0,0,평형별 세대수 보완 필요
A60809002,GS하이츠자이,남구,1149,0,0,평형별 세대수 보완 필요
A60809003,오륙도SK VIEW,남구,3000,0,0,평형별 세대수 보완 필요
A60809004,LG메트로시티아파트,남구,7374,0,0,평형별 세대수 보완 필요
A60876301,용호일신프리빌리지,남구,518,0,0,평형별 세대수 보완 필요
A60876402,현대비치아파트,남구,648,0,0,평형별 세대수 보완 필요
A60883203,일신-님Ⅱ아파트,남구,710,0,0,평형별 세대수 보완 필요
A61202008,쌍용예가,남구,773,0,0,평형별 세대수 보완 필요
A60871104,용당현대I-PARK,남구,748,0,0,평형별 세대수 보완 필요
A60883003,신대연코오롱하늘채아파트,남구,712,0,0,평형별 세대수 보완 필요
A10020004,롯데캐슬 인피니엘,남구,715,0,0,평형별 세대수 보완 필요
A10023533,오션파라곤,남구,662,0,0,평형별 세대수 보완 필요
A10023872,대연양우내안애 아파트,남구,560,0,0,평형별 세대수 보완 필요
A10024704,문현경동리인,남구,600,0,0,평형별 세대수 보완 필요
A10025508,문현베스티움아파트,남구,743,0,0,평형별 세대수 보완 필요
A60804003,문현동삼성아파트,남구,916,0,0,평형별 세대수 보완 필요
A60872101,대림문현시티프라자,남구,521,0,0,평형별 세대수 보완 필요
A60879704,문현현대아파트,남구,693,0,0,평형별 세대수 보완 필요
A10020289,두산위브더제니스 오션시티 ,남구,3048,0,0,평형별 세대수 보완 필요; 임대·혼합 또는 분양 범위 미확인
A60877107,우암일신보라,남구,661,0,0,평형별 세대수 보완 필요
A60875305,감만현대1차아파트,남구,885,0,0,평형별 세대수 보완 필요
A60880104,감만동일스위트아파트,남구,548,0,0,평형별 세대수 보완 필요
A10027989,신화명리버뷰자이아파트,북구,792,0,0,평형별 세대수 보완 필요
A10028138,동원역삼정그린코아,북구,529,0,0,평형별 세대수 보완 필요
A61673902,율리벽산블루밍,북구,589,0,0,평형별 세대수 보완 필요
A61674824,부산율리마을,북구,840,0,0,평형별 세대수 보완 필요; 임대·혼합 또는 분양 범위 미확인
A61674912,화명뜨란채,북구,981,0,0,평형별 세대수 보완 필요
A61676006,금곡한솔아파트,북구,532,0,0,평형별 세대수 보완 필요
A61676118,금곡주공1단지,북구,1099,0,0,평형별 세대수 보완 필요; 임대·혼합 또는 분양 범위 미확인
A61676215,금곡주공2단지,북구,1460,0,0,평형별 세대수 보완 필요; 임대·혼합 또는 분양 범위 미확인
A61676316,금곡주공3단지아파트,북구,1484,0,0,평형별 세대수 보완 필요
A61676422,금곡주공4단지,북구,1937,0,0,평형별 세대수 보완 필요; 임대·혼합 또는 분양 범위 미확인
A61676509,금곡주공5단지아파트,북구,713,0,0,평형별 세대수 보완 필요
A61676605,금곡주공6단지아파트,북구,504,0,0,평형별 세대수 보완 필요
A61676723,금곡주공7단지,북구,802,0,0,평형별 세대수 보완 필요; 임대·혼합 또는 분양 범위 미확인
A61676814,금곡9단지주공,북구,1366,0,0,평형별 세대수 보완 필요
A61677013,화명한일유앤아이,북구,1026,0,0,평형별 세대수 보완 필요
A61681107,금곡화목타운,북구,576,0,0,평형별 세대수 보완 필요
A61681108,금곡조성협진아파트,북구,576,0,0,평형별 세대수 보완 필요
A61684110,화명리버빌2차아파트,북구,722,0,0,평형별 세대수 보완 필요
A10024341,화명푸르지오헤리센트,북구,886,0,0,평형별 세대수 보완 필요; 임대·혼합 또는 분양 범위 미확인
A10027790,e편한세상 화명힐스 아파트,북구,800,0,0,평형별 세대수 보완 필요; 임대·혼합 또는 분양 범위 미확인
A61612010,화명2차현대아파트,북구,743,0,0,평형별 세대수 보완 필요
A61612011,화명대우이안아파트,북구,989,0,0,평형별 세대수 보완 필요
A61612013,화명코오롱하늘채1차아파트,북구,1280,0,0,평형별 세대수 보완 필요
A61612016,화명수정강변타운,북구,1780,0,0,평형별 세대수 보완 필요
A61612017,대림쌍용강변타운,북구,1895,0,0,평형별 세대수 보완 필요
A61612018,화명롯데낙천대,북구,1950,0,0,평형별 세대수 보완 필요
A61612019,화명대림타운,북구,3382,0,0,평형별 세대수 보완 필요
A61673302,삼한힐파크아파트,북구,807,0,0,평형별 세대수 보완 필요
A61673304,화명동원로얄듀크,북구,1627,0,0,평형별 세대수 보완 필요
A61673305,화명유림아파트,북구,506,0,0,평형별 세대수 보완 필요
A61673308,화명롯데캐슬카이저,북구,5239,0,0,평형별 세대수 보완 필요
A61679206,벽산강변타운아파트,북구,1044,0,0,평형별 세대수 보완 필요
A61679207,도시화명그린(21B)아파트,북구,720,0,0,평형별 세대수 보완 필요
A61679208,화명경남아너스빌,북구,570,0,0,평형별 세대수 보완 필요
A61683305,그린숲속(화명그린24),북구,900,0,0,평형별 세대수 보완 필요
A61685214,화명코오롱하늘채2차,북구,1344,0,0,평형별 세대수 보완 필요
A10023725,백양산 베스티움에코포레,북구,593,0,0,평형별 세대수 보완 필요
A10024318,e편한세상 금정산 아파트,북구,1969,0,0,평형별 세대수 보완 필요; 임대·혼합 또는 분양 범위 미확인
A10025235,더래디언트금정산,북구,1677,0,0,평형별 세대수 보완 필요
A10027832,백양디이스트,북구,3790,0,0,평형별 세대수 보완 필요
A61673103,신만덕쌍용예가,북구,600,0,0,평형별 세대수 보완 필요
A61675601,만덕 상록한신휴플러스아파트,북구,882,0,0,평형별 세대수 보완 필요
A61675806,만덕삼성아파트,북구,600,0,0,평형별 세대수 보완 필요
A61678209,만덕그린코아아파트,북구,1468,0,0,평형별 세대수 보완 필요
A61678706,럭키만덕1차아파트,북구,900,0,0,평형별 세대수 보완 필요
A61678804,럭키만덕2차아파트,북구,714,0,0,평형별 세대수 보완 필요
A61679609,부산만덕3단지 주공아파트,북구,1350,0,0,평형별 세대수 보완 필요; 임대·혼합 또는 분양 범위 미확인
A61682607,만덕대성타워,북구,816,0,0,평형별 세대수 보완 필요
A61682907,만덕동원,북구,988,0,0,평형별 세대수 보완 필요
A61682908,벽산라인타운 아파트,북구,1166,0,0,평형별 세대수 보완 필요
A10022905,포레나부산덕천2차,북구,795,0,0,평형별 세대수 보완 필요
A10023684,포레나부산덕천아파트,북구,636,0,0,평형별 세대수 보완 필요
A61610003,덕천동롯데아파트,북구,705,0,0,평형별 세대수 보완 필요
A61670501,덕천삼정그린코아,북구,560,0,0,평형별 세대수 보완 필요
A61677404,덕천주공2단지,북구,1507,0,0,평형별 세대수 보완 필요; 임대·혼합 또는 분양 범위 미확인
A61677608,기비골마을아파트,북구,825,0,0,평형별 세대수 보완 필요
A61681409,부산도시공사 덕천2지구 아파트,북구,990,0,0,평형별 세대수 보완 필요; 임대·혼합 또는 분양 범위 미확인
A61682303,덕천주공1단지아파트,북구,1320,0,0,평형별 세대수 보완 필요
A10024201,리버파크반도유보라,북구,790,0,0,평형별 세대수 보완 필요
A61609002,동원로얄듀크비스타,북구,1079,0,0,평형별 세대수 보완 필요
A61609206,구포유림노르웨이숲,북구,1176,0,0,평형별 세대수 보완 필요
A61680705,구포삼정그린코아아파트,북구,668,0,0,평형별 세대수 보완 필요
A61680707,구포현대아파트,북구,1741,0,0,평형별 세대수 보완 필요
A61273009,부산도시공사 반송영구임대아파트,해운대구,1050,0,0,평형별 세대수 보완 필요; 임대·혼합 또는 분양 범위 미확인
A61273306,벽산삼협한솔,해운대구,764,0,0,평형별 세대수 보완 필요
A61273507,반송삼한2차,해운대구,848,0,0,평형별 세대수 보완 필요
A61273609,부산반송주공,해운대구,1710,0,0,평형별 세대수 보완 필요; 임대·혼합 또는 분양 범위 미확인
A61280805,삼한그린타운1차아파트,해운대구,560,0,0,평형별 세대수 보완 필요
A10022405,드파인센텀아파트,해운대구,750,0,0,평형별 세대수 보완 필요; 임대·혼합 또는 분양 범위 미확인
A10023647,센텀KCC스위첸아파트,해운대구,638,0,0,평형별 세대수 보완 필요
A10024249,센텀트루엘 아파트,해운대구,531,0,0,평형별 세대수 보완 필요
A61206110,센텀롯데캐슬3차,해운대구,517,0,0,평형별 세대수 보완 필요
A61206113,우방신세계타운아파트,해운대구,998,0,0,평형별 세대수 보완 필요
A61206114,센텀롯데캐슬2차,해운대구,1165,0,0,평형별 세대수 보완 필요
A61206118,메가센텀꿈에그린아파트,해운대구,1564,0,0,평형별 세대수 보완 필요
A61270515,센텀롯데캐슬,해운대구,1198,0,0,평형별 세대수 보완 필요
A61271919,아시아선수촌아파트,해운대구,2290,0,0,평형별 세대수 보완 필요
A61272011,반여현대그린아파트,해운대구,600,0,0,평형별 세대수 보완 필요
A61279802,일동미라주,해운대구,564,0,0,평형별 세대수 보완 필요
A61279804,센텀SK뷰,해운대구,1374,0,0,평형별 세대수 보완 필요
A61281117,센텀대림,해운대구,1500,0,0,평형별 세대수 보완 필요
A10026557,센텀리슈빌 아파트,해운대구,753,0,0,평형별 세대수 보완 필요
A61205002,센텀동부센트레빌아파트,해운대구,703,0,0,평형별 세대수 보완 필요
A61205003,더샵센텀스타,해운대구,629,0,0,평형별 세대수 보완 필요
A61271204,더샵센텀파크1차,해운대구,2752,0,0,평형별 세대수 보완 필요
A61271302,더샵센텀파크2차,해운대구,998,0,0,평형별 세대수 보완 필요
A61274815,센텀(재송)삼익,해운대구,936,0,0,평형별 세대수 보완 필요
A61278214,센텀우신골든빌,해운대구,846,0,0,평형별 세대수 보완 필요
A61281512,센텀피오레1차,해운대구,774,0,0,평형별 세대수 보완 필요
A61283211,재송그린,해운대구,560,0,0,평형별 세대수 보완 필요
A61283410,센텀동국아파트,해운대구,536,0,0,평형별 세대수 보완 필요
A61286403,센텀이편한세상,해운대구,1190,0,0,평형별 세대수 보완 필요
A10022568,해운대 경동리인뷰2차,해운대구,632,0,0,평형별 세대수 보완 필요
A10023542,해운대센트럴푸르지오,해운대구,548,0,0,평형별 세대수 보완 필요
A10025214,해운대비스타동원,해운대구,504,0,0,평형별 세대수 보완 필요
A10026484,해운대 자이2차,해운대구,813,0,0,평형별 세대수 보완 필요; 임대·혼합 또는 분양 범위 미확인
A61202004,트럼프월드센텀,해운대구,564,0,0,평형별 세대수 보완 필요
A61202007,해운대두산위브더제니스,해운대구,1788,0,0,평형별 세대수 보완 필요
A61202009,해운대자이,해운대구,1059,0,0,평형별 세대수 보완 필요
A61202011,해운대센텀두산위브,해운대구,581,0,0,평형별 세대수 보완 필요; 임대·혼합 또는 분양 범위 미확인
A61271101,센텀삼환아파트,해운대구,926,0,0,평형별 세대수 보완 필요
A61274011,경남마리나아파트,해운대구,624,0,0,평형별 세대수 보완 필요
A61274013,해운대아이파크,해운대구,1631,0,0,평형별 세대수 보완 필요
A61274114,경동마리나아파트,해운대구,892,0,0,평형별 세대수 보완 필요
A61274213,해운대롯데아파트,해운대구,852,0,0,평형별 세대수 보완 필요
A61274508,동부올림픽아파트,해운대구,1680,0,0,평형별 세대수 보완 필요
A61274707,삼호가든아파트,해운대구,1076,0,0,평형별 세대수 보완 필요
A61278912,대우마리나3차아파트,해운대구,750,0,0,평형별 세대수 보완 필요
A61282215,"대우마리나1,2차아파트",해운대구,1164,0,0,평형별 세대수 보완 필요
A61282705,센텀센시빌구새한센시빌,해운대구,800,0,0,평형별 세대수 보완 필요
A61286810,해운대반도보라빌,해운대구,548,0,0,평형별 세대수 보완 필요
A10024591,해운대 롯데캐슬 스타 아파트,해운대구,828,0,0,평형별 세대수 보완 필요
A10025181,해운대 LCT 더샵아파트,해운대구,882,0,0,평형별 세대수 보완 필요
A10028037,해운대힐스테이트위브,해운대구,2369,0,0,평형별 세대수 보완 필요
A61201007,롯데캐슬마린,해운대구,792,0,0,평형별 세대수 보완 필요
A61288603,래미안해운대,해운대구,747,0,0,평형별 세대수 보완 필요; 임대·혼합 또는 분양 범위 미확인
A61203012,해운대영남아파트,해운대구,512,0,0,평형별 세대수 보완 필요
A61203013,두산2차아파트,해운대구,632,0,0,평형별 세대수 보완 필요
A61203014,경남아너스빌,해운대구,655,0,0,평형별 세대수 보완 필요
A61203015,해운대한일아파트,해운대구,662,0,0,평형별 세대수 보완 필요
A61203016,해운대동신아파트,해운대구,676,0,0,평형별 세대수 보완 필요
A61203017,해운대동부아파트,해운대구,679,0,0,평형별 세대수 보완 필요
A61203018,해운대대림2차아파트,해운대구,682,0,0,평형별 세대수 보완 필요
A61203019,해운대삼성아파트,해운대구,728,0,0,평형별 세대수 보완 필요
A61203020,해운대LIG건영아파트,해운대구,788,0,0,평형별 세대수 보완 필요
A61203021,해운대센트럴파크아파트,해운대구,799,0,0,평형별 세대수 보완 필요
A61203022,해운대롯데3차아파트,해운대구,824,0,0,평형별 세대수 보완 필요
A61203023,해운대롯데4차아파트,해운대구,842,0,0,평형별 세대수 보완 필요
A61203024,대우1차아파트,해운대구,852,0,0,평형별 세대수 보완 필요
A61203025,해운대벽산1차아파트,해운대구,880,0,0,평형별 세대수 보완 필요
A61203026,해운대 화목타운,해운대구,896,0,0,평형별 세대수 보완 필요
A61203027,LH뜨란채아파트,해운대구,928,0,0,평형별 세대수 보완 필요
A61203028,코오롱아파트,해운대구,928,0,0,평형별 세대수 보완 필요
A61203029,해운대건영2차아파트,해운대구,938,0,0,평형별 세대수 보완 필요
A61203031,해운대상록아파트,해운대구,1000,0,0,평형별 세대수 보완 필요
A61203032,해운대대우2차아파트,해운대구,1002,0,0,평형별 세대수 보완 필요
A61203033,해운대벽산2차아파트,해운대구,1070,0,0,평형별 세대수 보완 필요
A61203034,해운대대동타운아파트,해운대구,1240,0,0,평형별 세대수 보완 필요
A61203035,경남선경아파트,해운대구,1358,0,0,평형별 세대수 보완 필요
A61203036,두산1차,해운대구,1422,0,0,평형별 세대수 보완 필요
A61203037,대림1차아파트,해운대구,1424,0,0,평형별 세대수 보완 필요
A61203038,SKVIEW아파트,해운대구,1721,0,0,평형별 세대수 보완 필요
A61203039,해운대LG아파트,해운대구,1848,0,0,평형별 세대수 보완 필요
A61275302,해운대현대,해운대구,957,0,0,평형별 세대수 보완 필요
A61204001,송정1단지주공아파트,해운대구,828,0,0,평형별 세대수 보완 필요; 임대·혼합 또는 분양 범위 미확인
A61204002,부산송정2휴먼시아,해운대구,890,0,0,평형별 세대수 보완 필요; 임대·혼합 또는 분양 범위 미확인
A10023440,힐스테이트사하역 아파트,사하구,1314,0,0,평형별 세대수 보완 필요
A10023969,사하한신더휴아파트,사하구,835,0,0,평형별 세대수 보완 필요; 임대·혼합 또는 분양 범위 미확인
A10024383,사하역비스타동원,사하구,513,0,0,평형별 세대수 보완 필요
A60471810,당리푸르지오,사하구,542,0,0,평형별 세대수 보완 필요
A60402003,하단 SK VIEW 아파트,사하구,1828,0,0,평형별 세대수 보완 필요
A60474905,한신혜성아파트,사하구,533,0,0,평형별 세대수 보완 필요
A60476101,가락타운1단지아파트,사하구,1746,0,0,평형별 세대수 보완 필요
A60476206,가락타운2.3단지아파트,사하구,2980,0,0,평형별 세대수 보완 필요
A10023928,사하코오롱하늘채아파트,사하구,969,0,0,평형별 세대수 보완 필요
A10027236,사하뷰웰아파트,사하구,900,0,0,평형별 세대수 보완 필요
A60403002,신평럭키무지개타운아파트,사하구,505,0,0,평형별 세대수 보완 필요
A60475903,신익강변타운아파트,사하구,937,0,0,평형별 세대수 보완 필요
A60476805,신평현대아파트,사하구,992,0,0,평형별 세대수 보완 필요
A60483404,신평한신아파트,사하구,937,0,0,평형별 세대수 보완 필요
A10022280,두산위브더센트럴사하,사하구,1643,0,0,평형별 세대수 보완 필요
A60474002,장림동원로얄듀크,사하구,1973,0,0,평형별 세대수 보완 필요
A60474516,장림신세대지큐빌아파트,사하구,990,0,0,평형별 세대수 보완 필요
A60477315,장림현대아파트,사하구,828,0,0,평형별 세대수 보완 필요
A60484514,장림협성르네상스타운,사하구,650,0,0,평형별 세대수 보완 필요
A60405001,다대롯데캐슬몰운대,사하구,3462,0,0,평형별 세대수 보완 필요
A60405002,다대롯데캐슬블루,사하구,1326,0,0,평형별 세대수 보완 필요
A60472901,다대푸르지오,사하구,972,0,0,평형별 세대수 보완 필요
A60474307,다대해송아파트,사하구,714,0,0,평형별 세대수 보완 필요
A60475305,신다대아파트,사하구,570,0,0,평형별 세대수 보완 필요
A60475309,3지구도개공아파트,사하구,750,0,0,평형별 세대수 보완 필요; 임대·혼합 또는 분양 범위 미확인
A60475408,국제그린아파트,사하구,996,0,0,평형별 세대수 보완 필요
A60475411,도개공다대4지구영구임대아파트,사하구,1920,0,0,평형별 세대수 보완 필요; 임대·혼합 또는 분양 범위 미확인
A60475412,다대다송,사하구,500,0,0,평형별 세대수 보완 필요
A60475507,다대대우아파트,사하구,546,0,0,평형별 세대수 보완 필요
A60475509,다대푸른아파트,사하구,640,0,0,평형별 세대수 보완 필요
A60475612,다대현대아파트,사하구,2181,0,0,평형별 세대수 보완 필요
A60475710,다대삼환아파트,사하구,1669,0,0,평형별 세대수 보완 필요
A60476511,다대자유아파트,사하구,987,0,0,평형별 세대수 보완 필요
A60476604,다대코오롱아파트(코오롱맨션),사하구,520,0,0,평형별 세대수 보완 필요
A60482013,다대몰운대아파트,사하구,2960,0,0,평형별 세대수 보완 필요
A60482708,성원아파트,사하구,546,0,0,평형별 세대수 보완 필요
A60482712,5지구몰운대영구임대아파트,사하구,2107,0,0,평형별 세대수 보완 필요; 임대·혼합 또는 분양 범위 미확인
A10024185,부산사하중흥S-클래스,사하구,665,0,0,평형별 세대수 보완 필요; 임대·혼합 또는 분양 범위 미확인
A10026651,e-편한세상 사하2차 아파트,사하구,946,0,0,평형별 세대수 보완 필요
A10027306,대림e편한세상사하1차아파트,사하구,1068,0,0,평형별 세대수 보완 필요
A60481703,구평1차자유아파트,사하구,584,0,0,평형별 세대수 보완 필요
A60480608,부영벽산파라빌아파트,사하구,634,0,0,평형별 세대수 보완 필요
A60976902,청룡경동아파트,금정구,612,0,0,평형별 세대수 보완 필요
A10027325,구서 SK VIEW 1단지,금정구,532,0,0,평형별 세대수 보완 필요
A60931004,구서동 쌍용예가 2단지,금정구,809,0,0,평형별 세대수 보완 필요
A60931207,구서동롯데캐슬골드2단지(1049),금정구,1926,0,0,평형별 세대수 보완 필요
A60971101,롯데캐슬골드1단지,금정구,1728,0,0,평형별 세대수 보완 필요
A60975204,구서선경아파트,금정구,616,0,0,평형별 세대수 보완 필요
A60976105,구서선경3차아파트,금정구,795,0,0,평형별 세대수 보완 필요
A60980506,구서우성아파트,금정구,1118,0,0,평형별 세대수 보완 필요
A10026780,래미안 장전,금정구,1938,0,0,평형별 세대수 보완 필요
A60939002,금정산sk뷰,금정구,1306,0,0,평형별 세대수 보완 필요
A60939003,벽산블루밍장전디자인시티,금정구,1539,0,0,평형별 세대수 보완 필요
A60939004,금정산쌍용예가,금정구,514,0,0,평형별 세대수 보완 필요
A60939005,금정산 2차 쌍용 예가,금정구,565,0,0,평형별 세대수 보완 필요
A10024226,삼한골든뷰에듀스테이션,금정구,610,0,0,평형별 세대수 보완 필요
A60932003,부곡동푸르지오아파트,금정구,540,0,0,평형별 세대수 보완 필요
A60970301,부곡대우아파트,금정구,1270,0,0,평형별 세대수 보완 필요
A60975303,경남한신,금정구,1408,0,0,평형별 세대수 보완 필요
A60975404,부곡뉴그린아파트,금정구,990,0,0,평형별 세대수 보완 필요
A60975502,부곡SK아파트,금정구,1084,0,0,평형별 세대수 보완 필요
A60976501,부곡시영,금정구,553,0,0,평형별 세대수 보완 필요; 임대·혼합 또는 분양 범위 미확인
A60976502,부곡늘푸른아파트,금정구,885,0,0,평형별 세대수 보완 필요
A60982103,우신뉴타운,금정구,552,0,0,평형별 세대수 보완 필요
A10020020,부산에코델타시티 디에트르 더 퍼스트아파트,강서구,972,0,0,평형별 세대수 보완 필요
A10020264,에코델타 더 베르힐 아파트,강서구,1120,0,0,평형별 세대수 보완 필요
A10020378,에코델타시티 푸르지오린,강서구,895,0,0,평형별 세대수 보완 필요
A10020569,에코델타시티 푸르지오 센터파크,강서구,972,0,0,평형별 세대수 보완 필요
A10020645,강서자이 에코델타,강서구,856,0,0,평형별 세대수 보완 필요
A10020649,e편한세상 에코델타 센터포인트,강서구,953,0,0,평형별 세대수 보완 필요
A10022541,에코델타 스마트시티 수자인,강서구,554,0,0,평형별 세대수 보완 필요
A10022696,부산호반써밋스마트시티아파트,강서구,526,0,0,평형별 세대수 보완 필요
A10024664,더샵명지퍼스트월드3단지,강서구,1530,0,0,평형별 세대수 보완 필요
A10024697,더샵명지퍼스트월드2단지아파트,강서구,1406,0,0,평형별 세대수 보완 필요
A10025776,더 힐 시그니처,강서구,1210,0,0,평형별 세대수 보완 필요
A10025923,스위트팰리스,강서구,908,0,0,평형별 세대수 보완 필요; 임대·혼합 또는 분양 범위 미확인
A10025932,명지금강펜테리움센트럴파크3차,강서구,870,0,0,평형별 세대수 보완 필요; 임대·혼합 또는 분양 범위 미확인
A10026157,명지더웨스턴,강서구,1201,0,0,평형별 세대수 보완 필요
A10026445,중흥S-클래스에듀오션,강서구,750,0,0,평형별 세대수 보완 필요
A10027139,호반써밋명지국제,강서구,694,0,0,평형별 세대수 보완 필요
A10027280,명지 협성휴포레,강서구,1664,0,0,평형별 세대수 보완 필요
A10027282,중흥S클래스프라디움아파트,강서구,1033,0,0,평형별 세대수 보완 필요
A10027581,명지대방노블랜드오션뷰2차아파트,강서구,600,0,0,평형별 세대수 보완 필요
A10027621,명지2차 금강펜테리움 센트럴파크,강서구,670,0,0,평형별 세대수 보완 필요
A10027656,대방노블랜드오션뷰1차아파트,강서구,737,0,0,평형별 세대수 보완 필요
A10027698,명지 국제신도시 호반베르디움1차,강서구,642,0,0,평형별 세대수 보완 필요
A10027918,명지1차금강펜테리움센트럴파크,강서구,850,0,0,평형별 세대수 보완 필요
A10027953,명지에일린의뜰아파트,강서구,980,0,0,평형별 세대수 보완 필요
A10028117,명지삼정그린코아,강서구,610,0,0,평형별 세대수 보완 필요
A61820001,명지롯데캐슬,강서구,1122,0,0,평형별 세대수 보완 필요
A61870404,퀸덤1차아인슈타인타운,강서구,1112,0,0,평형별 세대수 보완 필요
A61870405,영어도시퀸덤1차링컨타운,강서구,1102,0,0,평형별 세대수 보완 필요
A61870406,영어도시퀸덤에디슨타운,강서구,652,0,0,평형별 세대수 보완 필요
A61870410,명지두산위브포세이돈,강서구,1256,0,0,평형별 세대수 보완 필요
A61870411,명지오션시티한신휴플러스,강서구,841,0,0,평형별 세대수 보완 필요
A61881402,명지극동스타클래스,강서구,1124,0,0,평형별 세대수 보완 필요
A10025154,명지화전지구우방아이유쉘아파트,강서구,1515,0,0,평형별 세대수 보완 필요
A10027026,지사과학단지 삼정그린코아아파트,강서구,1013,0,0,평형별 세대수 보완 필요
A10028069,협성.DS엘리시안아파트,강서구,1277,0,0,평형별 세대수 보완 필요
A61823001,지사휴먼시아,강서구,961,0,0,평형별 세대수 보완 필요; 임대·혼합 또는 분양 범위 미확인
A61823002,금강펜테리움,강서구,1111,0,0,평형별 세대수 보완 필요
A61829001,신호윌더하임,강서구,671,0,0,평형별 세대수 보완 필요
A61872201,부산신호사랑으로부영1차아파트,강서구,1064,0,0,평형별 세대수 보완 필요; 임대·혼합 또는 분양 범위 미확인
A61872202,부산신호 사랑으로 부영2차아파트,강서구,1388,0,0,평형별 세대수 보완 필요; 임대·혼합 또는 분양 범위 미확인
A61872203,부산신호사랑으로부영5차,강서구,1109,0,0,평형별 세대수 보완 필요; 임대·혼합 또는 분양 범위 미확인
A61872204,부산신호3사랑으로부영3차,강서구,1278,0,0,평형별 세대수 보완 필요; 임대·혼합 또는 분양 범위 미확인
A10022890,레이카운티 아파트,연제구,4470,0,0,평형별 세대수 보완 필요; 임대·혼합 또는 분양 범위 미확인
A10025258,아시아드코오롱하늘채,연제구,660,0,0,평형별 세대수 보완 필요
A10025950,거제센트럴자이,연제구,878,0,0,평형별 세대수 보완 필요
A61175804,거제현대아파트,연제구,618,0,0,평형별 세대수 보완 필요
A61176513,거제1차현대홈타운,연제구,1127,0,0,평형별 세대수 보완 필요
A61176612,거제2차현대홈타운아파트,연제구,1110,0,0,평형별 세대수 보완 필요
A61176709,거제쌍용스윗닷홈아파트,연제구,502,0,0,평형별 세대수 보완 필요
A61176911,거제동롯데캐슬아파트,연제구,540,0,0,평형별 세대수 보완 필요
A61177214,거제동월드메르디앙,연제구,1156,0,0,평형별 세대수 보완 필요
A61180503,유림아시아드아파트,연제구,1330,0,0,평형별 세대수 보완 필요
A10020498,시청앞 행복주택1단지,연제구,589,0,0,평형별 세대수 보완 필요; 임대·혼합 또는 분양 범위 미확인
A10022365,연산포레서희스타힐스,연제구,612,0,0,평형별 세대수 보완 필요
A10023014,시청앞 행복주택2단지,연제구,999,0,0,평형별 세대수 보완 필요; 임대·혼합 또는 분양 범위 미확인
A10023526,힐스테이트연산 아파트,연제구,1651,0,0,평형별 세대수 보완 필요; 임대·혼합 또는 분양 범위 미확인
A10024627,연산롯데캐슬골드포레,연제구,1230,0,0,평형별 세대수 보완 필요
A10025135,시청역 비스타동원아파트,연제구,740,0,0,평형별 세대수 보완 필요
A10025559,연산더샵아파트,연제구,1071,0,0,평형별 세대수 보완 필요
A10025994,연제 롯데캐슬앤데시앙,연제구,1168,0,0,평형별 세대수 보완 필요
A10026902,연산동 일동미라주 더 스타,연제구,624,0,0,평형별 세대수 보완 필요
A10027085,센텀리버sk뷰,연제구,529,0,0,평형별 세대수 보완 필요
A10027159,브라운스톤연제,연제구,521,0,0,평형별 세대수 보완 필요
A10027937,더샵 파크시티,연제구,1758,0,0,평형별 세대수 보완 필요
A10028028,부산센텀푸르지오,연제구,560,0,0,평형별 세대수 보완 필요
A61175110,망미주공아파트,연제구,2038,0,0,평형별 세대수 보완 필요
A61175209,연산한양아파트,연제구,1452,0,0,평형별 세대수 보완 필요
A61175901,연산자이,연제구,1598,0,0,평형별 세대수 보완 필요
A61176308,연산선경아파트,연제구,576,0,0,평형별 세대수 보완 필요
A61176411,연산LG아파트,연제구,2302,0,0,평형별 세대수 보완 필요
A10025433,수영sk뷰 1단지,수영구,1147,0,0,평형별 세대수 보완 필요
A61313001,망미삼성아파트,수영구,672,0,0,평형별 세대수 보완 필요
A61313002,망미동the#파크리치,수영구,862,0,0,평형별 세대수 보완 필요
A61313203,센텀수영강변3차 e-편한세상아파트,수영구,530,0,0,평형별 세대수 보완 필요
A61375702,수영현대아파트,수영구,1180,0,0,평형별 세대수 보완 필요
A61383101,수영협성르네상스타운,수영구,684,0,0,평형별 세대수 보완 필요
A10025075,e편한세상 오션테라스,수영구,1038,0,0,평형별 세대수 보완 필요
A10026760,센텀비스타동원아파트,수영구,840,0,0,평형별 세대수 보완 필요
A61377105,센텀비치푸르지오아파트,수영구,1082,0,0,평형별 세대수 보완 필요
A61377106,부산더샵센텀포레,수영구,1006,0,0,평형별 세대수 보완 필요; 임대·혼합 또는 분양 범위 미확인
A61377204,롯데캐슬자이안트아파트,수영구,591,0,0,평형별 세대수 보완 필요
A10020002,드파인 광안,수영구,1233,0,0,평형별 세대수 보완 필요
A10024695,광안자이아파트,수영구,971,0,0,평형별 세대수 보완 필요
A61310007,광안쌍용예가디오션,수영구,928,0,0,평형별 세대수 보완 필요
A61375202,광원아파트,수영구,589,0,0,평형별 세대수 보완 필요
A61375603,비치-그린아파트,수영구,1038,0,0,평형별 세대수 보완 필요
A10023420,남천자이아파트,수영구,913,0,0,평형별 세대수 보완 필요
A10023607,더샵남천프레스티지아파트,수영구,975,0,0,평형별 세대수 보완 필요; 임대·혼합 또는 분양 범위 미확인
A61301003,삼익비치아파트,수영구,3060,0,0,평형별 세대수 보완 필요
A61381805,남천코오롱하늘채골든비치,수영구,987,0,0,평형별 세대수 보완 필요
A61381903,남천뉴비치아파트,수영구,990,0,0,평형별 세대수 보완 필요
A61775202,모라백양그린아파트,사상구,1080,0,0,평형별 세대수 보완 필요
A61775307,부산모라주공3,사상구,2385,0,0,평형별 세대수 보완 필요; 임대·혼합 또는 분양 범위 미확인
A61775401,백양푸른숲입주자대표회의,사상구,900,0,0,평형별 세대수 보완 필요
A61775706,우성아파트,사상구,796,0,0,평형별 세대수 보완 필요
A61781706,모라주공1단지,사상구,2529,0,0,평형별 세대수 보완 필요; 임대·혼합 또는 분양 범위 미확인
A61781805,모라벽산아파트,사상구,780,0,0,평형별 세대수 보완 필요
A61781807,모라동원타운,사상구,1110,0,0,평형별 세대수 보완 필요
A61781808,우신모라아파트,사상구,1620,0,0,평형별 세대수 보완 필요
A10023104,사상 중흥S-클래스 그랜드센트럴,사상구,1572,0,0,평형별 세대수 보완 필요
A61777903,덕포경동메르빌,사상구,517,0,0,평형별 세대수 보완 필요
A61781005,덕포자유아파트,사상구,780,0,0,평형별 세대수 보완 필요
A10023544,센트럴 스타힐스,사상구,874,0,0,평형별 세대수 보완 필요
A61776003,괘법2차한신아파트,사상구,1094,0,0,평형별 세대수 보완 필요
A61780802,사상강변동원아파트,사상구,600,0,0,평형별 세대수 보완 필요
A10028191,감전엘에이치,사상구,622,0,0,평형별 세대수 보완 필요; 임대·혼합 또는 분양 범위 미확인
A10023571,주례롯데캐슬골드스마트,사상구,998,0,0,평형별 세대수 보완 필요; 임대·혼합 또는 분양 범위 미확인
A10026975,주례경동리인아파트,사상구,839,0,0,평형별 세대수 보완 필요
A61701002,주례한일유앤아이아파트,사상구,988,0,0,평형별 세대수 보완 필요
A61776104,주례반도보라매머드아파트,사상구,1206,0,0,평형별 세대수 보완 필요
A61776303,주례럭키아파트,사상구,2293,0,0,평형별 세대수 보완 필요
A61778608,주례청구아파트,사상구,831,0,0,평형별 세대수 보완 필요
A61783202,신주례2차LG아파트,사상구,874,0,0,평형별 세대수 보완 필요
A61783203,LG신주례1단지아파트,사상구,953,0,0,평형별 세대수 보완 필요
A61783402,주례현대무지개아파트,사상구,977,0,0,평형별 세대수 보완 필요
A61776907,학장금강,사상구,730,0,0,평형별 세대수 보완 필요
A61777010,학장무학,사상구,893,0,0,평형별 세대수 보완 필요
A61777105,학장벽산아파트,사상구,526,0,0,평형별 세대수 보완 필요
A61777312,학장반도보라타운,사상구,998,0,0,평형별 세대수 보완 필요
A61777409,구덕대림,사상구,825,0,0,평형별 세대수 보완 필요
A61777410,학장1지구도개공임대,사상구,720,0,0,평형별 세대수 보완 필요; 임대·혼합 또는 분양 범위 미확인
A61777411,학장삼정그린코아,사상구,511,0,0,평형별 세대수 보완 필요
A61777711,학장목화,사상구,999,0,0,평형별 세대수 보완 필요
A61777806,학장동2차삼성,사상구,549,0,0,평형별 세대수 보완 필요
A61784208,신구덕우성,사상구,763,0,0,평형별 세대수 보완 필요
A61784213,구학마을아파트,사상구,1110,0,0,평형별 세대수 보완 필요
A61776508,엄궁대림아파트,사상구,741,0,0,평형별 세대수 보완 필요
A61776509,엄궁롯데캐슬리버아파트,사상구,1852,0,0,평형별 세대수 보완 필요
A61776710,엄궁한신2차아파트,사상구,1016,0,0,평형별 세대수 보완 필요
A61776811,엄궁코오롱아파트,사상구,1158,0,0,평형별 세대수 보완 필요
A61778507,엄궁쌍용스윗닷홈,사상구,607,0,0,평형별 세대수 보완 필요
A61990514,기장한신그린코아아파트,기장군,1131,0,0,평형별 세대수 보완 필요
A61970415,부산기장교리,기장군,875,0,0,평형별 세대수 보완 필요; 임대·혼합 또는 분양 범위 미확인
A61990108,이진캐스빌블루1차,기장군,620,0,0,평형별 세대수 보완 필요
A61970311,기장서부주공아파트,기장군,702,0,0,평형별 세대수 보완 필요
A10023692,웨이브리즈아파트,기장군,728,0,0,평형별 세대수 보완 필요; 임대·혼합 또는 분양 범위 미확인
A61970112,기장현대아파트,기장군,930,0,0,평형별 세대수 보완 필요
A61970210,우신네오빌아파트,기장군,524,0,0,평형별 세대수 보완 필요
A61990609,기장2주공아파트,기장군,520,0,0,평형별 세대수 보완 필요
A10026865,동부산 삼정그린코아 더베스트,기장군,549,0,0,평형별 세대수 보완 필요
A61990213,내리 휴먼시아1단지,기장군,1002,0,0,평형별 세대수 보완 필요; 임대·혼합 또는 분양 범위 미확인
A10028142,가화만사성정관타운아파트,기장군,560,0,0,평형별 세대수 보완 필요
A61996111,정관동원로얄듀크2차,기장군,1249,0,0,평형별 세대수 보완 필요
A61996102,정관센트럴파크,기장군,588,0,0,평형별 세대수 보완 필요
A61996105,정관LH4단지,기장군,964,0,0,평형별 세대수 보완 필요; 임대·혼합 또는 분양 범위 미확인
A61996108,정관1차동원로얄듀크,기장군,1028,0,0,평형별 세대수 보완 필요
A61996112,정관신도시LH5단지,기장군,1128,0,0,평형별 세대수 보완 필요; 임대·혼합 또는 분양 범위 미확인
A10025749,부산정관 행복주택,기장군,856,0,0,평형별 세대수 보완 필요; 임대·혼합 또는 분양 범위 미확인
A10026813,정관 엘에이치 7단지,기장군,1934,0,0,평형별 세대수 보완 필요; 임대·혼합 또는 분양 범위 미확인
A10028081,정관이지더원3차아파트,기장군,1035,0,0,평형별 세대수 보완 필요
A61990110,정관신도시이지더원1차,기장군,978,0,0,평형별 세대수 보완 필요
A61996103,정관신도시휴먼시아2단지,기장군,1301,0,0,평형별 세대수 보완 필요; 임대·혼합 또는 분양 범위 미확인
A61996106,EGthe12차,기장군,756,0,0,평형별 세대수 보완 필요
A61996109,정관롯데캐슬2차,기장군,911,0,0,평형별 세대수 보완 필요
A61996110,정관동일스위트2차,기장군,1638,0,0,평형별 세대수 보완 필요
A61996114,정관동일스위트3차,기장군,1500,0,0,평형별 세대수 보완 필요
A61996204,정관신도시현진아파트,기장군,690,0,0,평형별 세대수 보완 필요
A10027503,정관양우내안애,기장군,830,0,0,평형별 세대수 보완 필요
A61996005,정관신도시롯데캐슬,기장군,761,0,0,평형별 세대수 보완 필요
A61996107,정관동일스위트1차,기장군,1758,0,0,평형별 세대수 보완 필요
A61996115,정관이진캐스빌,기장군,539,0,0,평형별 세대수 보완 필요
A61996303,정관신도시 신동아파밀리에,기장군,655,0,0,평형별 세대수 보완 필요
A61996306,정관한진해모로,기장군,763,0,0,평형별 세대수 보완 필요
A61996308,정관신도시휴먼시아1단지,기장군,1533,0,0,평형별 세대수 보완 필요; 임대·혼합 또는 분양 범위 미확인
A10020313,일광동원로얄듀크,기장군,1134,0,0,평형별 세대수 보완 필요; 임대·혼합 또는 분양 범위 미확인
A10023283,금호센트럴베이 행복주택 일광,기장군,999,0,0,평형별 세대수 보완 필요; 임대·혼합 또는 분양 범위 미확인
A10023778,이지더원2차포레온아파트,기장군,786,0,0,평형별 세대수 보완 필요; 임대·혼합 또는 분양 범위 미확인
A10023912,일광한신더휴센트럴포레,기장군,1298,0,0,평형별 세대수 보완 필요
A10024606,일광 대성베르힐,기장군,518,0,0,평형별 세대수 보완 필요
A10024909,일광자이푸르지오 2단지,기장군,1059,0,0,평형별 세대수 보완 필요
A10024919,일광신도시비스타동원1차아파트,기장군,701,0,0,평형별 세대수 보완 필요
A10024933,일광 이지더원1차오션포레,기장군,653,0,0,평형별 세대수 보완 필요
A10025042,e편한세상일광아파트,기장군,913,0,0,평형별 세대수 보완 필요
A10024476,일광신도시 비스타동원2차아파트,기장군,917,0,0,평형별 세대수 보완 필요
A61987101,고촌휴먼시아,기장군,1084,0,0,평형별 세대수 보완 필요; 임대·혼합 또는 분양 범위 미확인
